timestamp,long_flux_pred,goes_class_pred
2025-08-02 00:00:00,9.743290276874779e-07,B
2025-08-02 00:01:00,9.995223548795085e-07,B
2025-08-02 00:02:00,1.0380246455257644e-06,C
2025-08-02 00:03:00,1.119129289580815e-06,C
2025-08-02 00:04:00,1.1725396886335243e-06,C
2025-08-02 00:05:00,1.2084015289465485e-06,C
2025-08-02 00:06:00,1.2460747584181064e-06,C
2025-08-02 00:07:00,1.2380856778356246e-06,C
2025-08-02 00:08:00,1.2143279413664116e-06,C
2025-08-02 00:09:00,1.224482868299485e-06,C
2025-08-02 00:10:00,1.236588352242016e-06,C
2025-08-02 00:11:00,1.2541204673123722e-06,C
2025-08-02 00:12:00,1.2653485965990675e-06,C
2025-08-02 00:13:00,1.2624578121506675e-06,C
2025-08-02 00:14:00,1.255278758527167e-06,C
2025-08-02 00:15:00,1.2495959127139093e-06,C
2025-08-02 00:16:00,1.2608020377180958e-06,C
2025-08-02 00:17:00,1.2611615239953907e-06,C
2025-08-02 00:18:00,1.2642533531515513e-06,C
2025-08-02 00:19:00,1.2742785342401064e-06,C
2025-08-02 00:20:00,1.2914516484011681e-06,C
2025-08-02 00:21:00,1.2927232743014148e-06,C
2025-08-02 00:22:00,1.2955042795486583e-06,C
2025-08-02 00:23:00,1.3166710538422965e-06,C
2025-08-02 00:24:00,1.321052639591911e-06,C
2025-08-02 00:25:00,1.3209227905189432e-06,C
2025-08-02 00:26:00,1.319867964253494e-06,C
2025-08-02 00:27:00,1.3148805663077952e-06,C
2025-08-02 00:28:00,1.314384121732027e-06,C
2025-08-02 00:29:00,1.316300840049741e-06,C
2025-08-02 00:30:00,1.3143070019939118e-06,C
2025-08-02 00:31:00,1.3149067546278888e-06,C
2025-08-02 00:32:00,1.3266290188726669e-06,C
2025-08-02 00:33:00,1.3640591333918348e-06,C
2025-08-02 00:34:00,1.4546831427323829e-06,C
2025-08-02 00:35:00,1.5807616543448049e-06,C
2025-08-02 00:36:00,1.632994216818744e-06,C
2025-08-02 00:37:00,1.6327375639129326e-06,C
2025-08-02 00:38:00,1.6519070121867517e-06,C
2025-08-02 00:39:00,1.6700663071102881e-06,C
2025-08-02 00:40:00,1.6938666844760868e-06,C
2025-08-02 00:41:00,1.717731301087678e-06,C
2025-08-02 00:42:00,1.751618936145091e-06,C
2025-08-02 00:43:00,1.778050336500423e-06,C
2025-08-02 00:44:00,1.8256526970970295e-06,C
2025-08-02 00:45:00,1.8914755816948409e-06,C
2025-08-02 00:46:00,1.9661466477482795e-06,C
2025-08-02 00:47:00,1.994317502541628e-06,C
2025-08-02 00:48:00,2.0328291072462025e-06,C
2025-08-02 00:49:00,2.15934070426796e-06,C
2025-08-02 00:50:00,2.2933764337704267e-06,C
2025-08-02 00:51:00,2.325370884342746e-06,C
2025-08-02 00:52:00,2.3656891686343342e-06,C
2025-08-02 00:53:00,2.3911325924904947e-06,C
2025-08-02 00:54:00,2.4778489797356868e-06,C
2025-08-02 00:55:00,2.4577339889136367e-06,C
2025-08-02 00:56:00,2.4701976661414645e-06,C
2025-08-02 00:57:00,2.4693014929885113e-06,C
2025-08-02 00:58:00,2.463626003796529e-06,C
2025-08-02 00:59:00,2.4830947167163e-06,C
2025-08-02 01:00:00,2.5939339924261333e-06,C
2025-08-02 01:01:00,2.6455247748698734e-06,C
2025-08-02 01:02:00,2.659006290872383e-06,C
2025-08-02 01:03:00,2.691244877465334e-06,C
2025-08-02 01:04:00,2.701420531418415e-06,C
2025-08-02 01:05:00,2.701117832001748e-06,C
2025-08-02 01:06:00,2.697217307542246e-06,C
2025-08-02 01:07:00,2.697217307542246e-06,C
2025-08-02 01:08:00,2.6701936820243967e-06,C
2025-08-02 01:09:00,2.6652805024622216e-06,C
2025-08-02 01:10:00,2.665713602362064e-06,C
2025-08-02 01:11:00,2.665874570406737e-06,C
2025-08-02 01:12:00,2.655353675667337e-06,C
2025-08-02 01:13:00,2.7049669662343505e-06,C
2025-08-02 01:14:00,2.702639256649642e-06,C
2025-08-02 01:15:00,2.6971237180023796e-06,C
2025-08-02 01:16:00,2.6685416534192264e-06,C
2025-08-02 01:17:00,2.6688166059228036e-06,C
2025-08-02 01:18:00,2.667016367033656e-06,C
2025-08-02 01:19:00,2.683578601242297e-06,C
2025-08-02 01:20:00,2.6941336784906978e-06,C
2025-08-02 01:21:00,2.7018980819932643e-06,C
2025-08-02 01:22:00,2.651840122852989e-06,C
2025-08-02 01:23:00,2.6261873065001944e-06,C
2025-08-02 01:24:00,2.597945986575399e-06,C
2025-08-02 01:25:00,2.6010840152485056e-06,C
2025-08-02 01:26:00,2.5880555282697375e-06,C
2025-08-02 01:27:00,2.5988952836777167e-06,C
2025-08-02 01:28:00,2.6141537819090695e-06,C
2025-08-02 01:29:00,2.643481079014709e-06,C
2025-08-02 01:30:00,2.6951619426395123e-06,C
2025-08-02 01:31:00,2.7103979750940947e-06,C
2025-08-02 01:32:00,2.7592123647375884e-06,C
2025-08-02 01:33:00,2.7245695078167237e-06,C
2025-08-02 01:34:00,2.7474816579334894e-06,C
2025-08-02 01:35:00,2.736196095850552e-06,C
2025-08-02 01:36:00,2.7174361341173437e-06,C
2025-08-02 01:37:00,2.6973609624856555e-06,C
2025-08-02 01:38:00,2.658962496028671e-06,C
2025-08-02 01:39:00,2.658757844581957e-06,C
2025-08-02 01:40:00,2.6686771525920727e-06,C
2025-08-02 01:41:00,2.662398638369827e-06,C
2025-08-02 01:42:00,2.649651129689248e-06,C
2025-08-02 01:43:00,2.641629202380869e-06,C
2025-08-02 01:44:00,2.6256845593679085e-06,C
2025-08-02 01:45:00,2.5568410191428805e-06,C
2025-08-02 01:46:00,2.480706191868006e-06,C
2025-08-02 01:47:00,2.5524285037629307e-06,C
2025-08-02 01:48:00,2.5595635401283076e-06,C
2025-08-02 01:49:00,2.5815241076309634e-06,C
2025-08-02 01:50:00,2.5991099337316156e-06,C
2025-08-02 01:51:00,2.601026849982442e-06,C
2025-08-02 01:52:00,2.5811256721058555e-06,C
2025-08-02 01:53:00,2.561419896622323e-06,C
2025-08-02 01:54:00,2.55869505567855e-06,C
2025-08-02 01:55:00,2.520256099621807e-06,C
2025-08-02 01:56:00,2.527283026858358e-06,C
2025-08-02 01:57:00,2.514736097679436e-06,C
2025-08-02 01:58:00,2.519004327019275e-06,C
2025-08-02 01:59:00,2.534155799758567e-06,C
2025-08-02 02:00:00,2.5277083414718414e-06,C
2025-08-02 02:01:00,2.5667849485430766e-06,C
2025-08-02 02:02:00,2.6157157300349684e-06,C
2025-08-02 02:03:00,2.5934773650260198e-06,C
2025-08-02 02:04:00,2.5825724723555117e-06,C
2025-08-02 02:05:00,2.597404168670107e-06,C
2025-08-02 02:06:00,2.5923505026109638e-06,C
2025-08-02 02:07:00,2.5917610265337428e-06,C
2025-08-02 02:08:00,2.5766308247566084e-06,C
2025-08-02 02:09:00,2.5729851828459653e-06,C
2025-08-02 02:10:00,2.591815830292449e-06,C
2025-08-02 02:11:00,2.5841135608847674e-06,C
2025-08-02 02:12:00,2.5649238801609384e-06,C
2025-08-02 02:13:00,2.5563971497356137e-06,C
2025-08-02 02:14:00,2.5159750802102776e-06,C
2025-08-02 02:15:00,2.5178873699237825e-06,C
2025-08-02 02:16:00,2.5130264705431747e-06,C
2025-08-02 02:17:00,2.5138522059659317e-06,C
2025-08-02 02:18:00,2.5173505526166824e-06,C
2025-08-02 02:19:00,2.523997145204969e-06,C
2025-08-02 02:20:00,2.5594293259412903e-06,C
2025-08-02 02:21:00,2.55768905071716e-06,C
2025-08-02 02:22:00,2.5559497855706995e-06,C
2025-08-02 02:23:00,2.5786083323582394e-06,C
2025-08-02 02:24:00,2.6152723366669302e-06,C
2025-08-02 02:25:00,2.6247291823840314e-06,C
2025-08-02 02:26:00,2.6001779069436385e-06,C
2025-08-02 02:27:00,2.6205655754761923e-06,C
2025-08-02 02:28:00,2.718144374358332e-06,C
2025-08-02 02:29:00,2.873342584138483e-06,C
2025-08-02 02:30:00,2.934151145651546e-06,C
2025-08-02 02:31:00,2.9225232073975583e-06,C
2025-08-02 02:32:00,2.8836711304358646e-06,C
2025-08-02 02:33:00,2.8658328415402924e-06,C
2025-08-02 02:34:00,2.841990848692983e-06,C
2025-08-02 02:35:00,2.7180987268932806e-06,C
2025-08-02 02:36:00,2.668143480741641e-06,C
2025-08-02 02:37:00,2.5757329903475306e-06,C
2025-08-02 02:38:00,2.5340030942962085e-06,C
2025-08-02 02:39:00,2.49739720738581e-06,C
2025-08-02 02:40:00,2.532081913676833e-06,C
2025-08-02 02:41:00,2.529740611653582e-06,C
2025-08-02 02:42:00,2.5324489795000307e-06,C
2025-08-02 02:43:00,2.5348163220498165e-06,C
2025-08-02 02:44:00,2.516596127272743e-06,C
2025-08-02 02:45:00,2.512249715022363e-06,C
2025-08-02 02:46:00,2.5066124760366776e-06,C
2025-08-02 02:47:00,2.506871731436879e-06,C
2025-08-02 02:48:00,2.506615589037791e-06,C
2025-08-02 02:49:00,2.519238218663654e-06,C
2025-08-02 02:50:00,2.5245236997868074e-06,C
2025-08-02 02:51:00,2.5045963154090957e-06,C
2025-08-02 02:52:00,2.516942724155027e-06,C
2025-08-02 02:53:00,2.552228602125981e-06,C
2025-08-02 02:54:00,2.5500636679645477e-06,C
2025-08-02 02:55:00,2.542827134151491e-06,C
2025-08-02 02:56:00,2.512213972070392e-06,C
2025-08-02 02:57:00,2.5050046449283935e-06,C
2025-08-02 02:58:00,2.5095635664130084e-06,C
2025-08-02 02:59:00,2.4882989126402458e-06,C
2025-08-02 03:00:00,2.4580807498879266e-06,C
2025-08-02 03:01:00,2.3553411674590724e-06,C
2025-08-02 03:02:00,2.2710417493587816e-06,C
2025-08-02 03:03:00,2.1817369128256346e-06,C
2025-08-02 03:04:00,2.132871872586603e-06,C
2025-08-02 03:05:00,2.065765210262144e-06,C
2025-08-02 03:06:00,2.0084916652430075e-06,C
2025-08-02 03:07:00,1.9760813879403797e-06,C
2025-08-02 03:08:00,1.9466896280301772e-06,C
2025-08-02 03:09:00,1.9003264010857002e-06,C
2025-08-02 03:10:00,1.8339571543871135e-06,C
2025-08-02 03:11:00,1.7753868805039654e-06,C
2025-08-02 03:12:00,1.7105980194845654e-06,C
2025-08-02 03:13:00,1.6186380433054472e-06,C
2025-08-02 03:14:00,1.5272934277819513e-06,C
2025-08-02 03:15:00,1.4454954431683866e-06,C
2025-08-02 03:16:00,1.3599169606910078e-06,C
2025-08-02 03:17:00,1.3060402708175137e-06,C
2025-08-02 03:18:00,1.2623085923811614e-06,C
2025-08-02 03:19:00,1.2253157293113826e-06,C
2025-08-02 03:20:00,1.217575726084432e-06,C
2025-08-02 03:21:00,1.214984303429506e-06,C
2025-08-02 03:22:00,1.2244404106752628e-06,C
2025-08-02 03:23:00,1.2387496328332919e-06,C
2025-08-02 03:24:00,1.2562249107718786e-06,C
2025-08-02 03:25:00,1.2936853550866518e-06,C
2025-08-02 03:26:00,1.316799028466848e-06,C
2025-08-02 03:27:00,1.3397536413790675e-06,C
2025-08-02 03:28:00,1.3651923128874302e-06,C
2025-08-02 03:29:00,1.3807685763373013e-06,C
2025-08-02 03:30:00,1.385834687286496e-06,C
2025-08-02 03:31:00,1.400711452441285e-06,C
2025-08-02 03:32:00,1.4000019208387908e-06,C
2025-08-02 03:33:00,1.3910880033515997e-06,C
2025-08-02 03:34:00,1.384109928279705e-06,C
2025-08-02 03:35:00,1.3870397687284853e-06,C
2025-08-02 03:36:00,1.3826194482056477e-06,C
2025-08-02 03:37:00,1.3708958447096934e-06,C
2025-08-02 03:38:00,1.3446031157692543e-06,C
2025-08-02 03:39:00,1.3308008070870977e-06,C
2025-08-02 03:40:00,1.3179315573380281e-06,C
2025-08-02 03:41:00,1.3163996539116297e-06,C
2025-08-02 03:42:00,1.3128010862596254e-06,C
2025-08-02 03:43:00,1.3109209223885966e-06,C
2025-08-02 03:44:00,1.3007496439072206e-06,C
2025-08-02 03:45:00,1.2993435288205764e-06,C
2025-08-02 03:46:00,1.2983907761744982e-06,C
2025-08-02 03:47:00,1.295819648081419e-06,C
2025-08-02 03:48:00,1.312566855921278e-06,C
2025-08-02 03:49:00,1.335024821908749e-06,C
2025-08-02 03:50:00,1.3596535626843897e-06,C
2025-08-02 03:51:00,1.3815705807729492e-06,C
2025-08-02 03:52:00,1.40614330457458e-06,C
2025-08-02 03:53:00,1.4088122010484876e-06,C
2025-08-02 03:54:00,1.3956308739001086e-06,C
2025-08-02 03:55:00,1.3942542062566385e-06,C
2025-08-02 03:56:00,1.3862012478076984e-06,C
2025-08-02 03:57:00,1.3787007949186635e-06,C
2025-08-02 03:58:00,1.3677167575635947e-06,C
2025-08-02 03:59:00,1.3490426922521462e-06,C
2025-08-02 04:00:00,1.3274559890023932e-06,C
2025-08-02 04:01:00,1.3215393831089073e-06,C
2025-08-02 04:02:00,1.3090068977936623e-06,C
2025-08-02 04:03:00,1.2999613997090419e-06,C
2025-08-02 04:04:00,1.289462672382848e-06,C
2025-08-02 04:05:00,1.2667366591929875e-06,C
2025-08-02 04:06:00,1.250800130280864e-06,C
2025-08-02 04:07:00,1.2377590325312267e-06,C
2025-08-02 04:08:00,1.2214752919150712e-06,C
2025-08-02 04:09:00,1.2185283875287114e-06,C
2025-08-02 04:10:00,1.2228450988326767e-06,C
2025-08-02 04:11:00,1.2411075497938258e-06,C
2025-08-02 04:12:00,1.268316207700137e-06,C
2025-08-02 04:13:00,1.3074192777262745e-06,C
2025-08-02 04:14:00,1.330477451787854e-06,C
2025-08-02 04:15:00,1.331657452947552e-06,C
2025-08-02 04:16:00,1.3246852065095917e-06,C
2025-08-02 04:17:00,1.3196074399635383e-06,C
2025-08-02 04:18:00,1.3161319465370124e-06,C
2025-08-02 04:19:00,1.3176062107303137e-06,C
2025-08-02 04:20:00,1.3223906308234968e-06,C
2025-08-02 04:21:00,1.3551074267558645e-06,C
2025-08-02 04:22:00,1.410121434849625e-06,C
2025-08-02 04:23:00,1.4686428223432244e-06,C
2025-08-02 04:24:00,1.5615325047289798e-06,C
2025-08-02 04:25:00,1.6078862408246484e-06,C
2025-08-02 04:26:00,1.6123323353150747e-06,C
2025-08-02 04:27:00,1.6168501261552284e-06,C
2025-08-02 04:28:00,1.6150813911777701e-06,C
2025-08-02 04:29:00,1.6182317394192886e-06,C
2025-08-02 04:30:00,1.6297850845390174e-06,C
2025-08-02 04:31:00,1.6491050557285974e-06,C
2025-08-02 04:32:00,1.7107696799482396e-06,C
2025-08-02 04:33:00,1.8057360694719983e-06,C
2025-08-02 04:34:00,1.9097507727097756e-06,C
2025-08-02 04:35:00,2.0212019022561615e-06,C
2025-08-02 04:36:00,2.2043865876418047e-06,C
2025-08-02 04:37:00,2.4822596926383764e-06,C
2025-08-02 04:38:00,2.6653913985028236e-06,C
2025-08-02 04:39:00,2.6756156666913844e-06,C
2025-08-02 04:40:00,2.5869566583157054e-06,C
2025-08-02 04:41:00,2.5367533045824216e-06,C
2025-08-02 04:42:00,2.5354825411138745e-06,C
2025-08-02 04:43:00,2.5307946103292965e-06,C
2025-08-02 04:44:00,2.5540751036227596e-06,C
2025-08-02 04:45:00,2.551735226242847e-06,C
2025-08-02 04:46:00,2.5615757759229005e-06,C
2025-08-02 04:47:00,2.5200606334778838e-06,C
2025-08-02 04:48:00,2.547696670652788e-06,C
2025-08-02 04:49:00,2.540927309662052e-06,C
2025-08-02 04:50:00,2.535964815279232e-06,C
2025-08-02 04:51:00,2.5506471639794003e-06,C
2025-08-02 04:52:00,2.5628424249744826e-06,C
2025-08-02 04:53:00,2.530479898223933e-06,C
2025-08-02 04:54:00,2.547677927318078e-06,C
2025-08-02 04:55:00,2.521554665622632e-06,C
2025-08-02 04:56:00,2.5009222285916273e-06,C
2025-08-02 04:57:00,2.5051146848017983e-06,C
2025-08-02 04:58:00,2.501070430568973e-06,C
2025-08-02 04:59:00,2.4949862288145618e-06,C
2025-08-02 05:00:00,2.4731653698204466e-06,C
2025-08-02 05:01:00,2.394033904136817e-06,C
2025-08-02 05:02:00,2.3647316470716833e-06,C
2025-08-02 05:03:00,2.3330822412049926e-06,C
2025-08-02 05:04:00,2.3366324023470643e-06,C
2025-08-02 05:05:00,2.350541285907487e-06,C
2025-08-02 05:06:00,2.3589328490653766e-06,C
2025-08-02 05:07:00,2.35885502608665e-06,C
2025-08-02 05:08:00,2.3725639629740607e-06,C
2025-08-02 05:09:00,2.3733741014531084e-06,C
2025-08-02 05:10:00,2.3741555797140615e-06,C
2025-08-02 05:11:00,2.392885558230662e-06,C
2025-08-02 05:12:00,2.4311609581048273e-06,C
2025-08-02 05:13:00,2.458581049214228e-06,C
2025-08-02 05:14:00,2.4657460249267646e-06,C
2025-08-02 05:15:00,2.4786173214960105e-06,C
2025-08-02 05:16:00,2.5306806091836148e-06,C
2025-08-02 05:17:00,2.565670555280724e-06,C
2025-08-02 05:18:00,2.5308769848970157e-06,C
2025-08-02 05:19:00,2.5582121001967215e-06,C
2025-08-02 05:20:00,2.559434665211991e-06,C
2025-08-02 05:21:00,2.540592855085646e-06,C
2025-08-02 05:22:00,2.5637110506724253e-06,C
2025-08-02 05:23:00,2.5149745931540415e-06,C
2025-08-02 05:24:00,2.5418511715961365e-06,C
2025-08-02 05:25:00,2.524606222806169e-06,C
2025-08-02 05:26:00,2.5360398188185915e-06,C
2025-08-02 05:27:00,2.538162974798694e-06,C
2025-08-02 05:28:00,2.552700396708766e-06,C
2025-08-02 05:29:00,2.536727389240809e-06,C
2025-08-02 05:30:00,2.5161998976732206e-06,C
2025-08-02 05:31:00,2.5148158008692373e-06,C
2025-08-02 05:32:00,2.525748389566662e-06,C
2025-08-02 05:33:00,2.534348015534871e-06,C
2025-08-02 05:34:00,2.531165854241222e-06,C
2025-08-02 05:35:00,2.5364749651487e-06,C
2025-08-02 05:36:00,2.536595766115387e-06,C
2025-08-02 05:37:00,2.5509787793945916e-06,C
2025-08-02 05:38:00,2.5828425158935916e-06,C
2025-08-02 05:39:00,2.530010457263598e-06,C
2025-08-02 05:40:00,2.5697820360290846e-06,C
2025-08-02 05:41:00,2.5285753342592254e-06,C
2025-08-02 05:42:00,2.5306942518975006e-06,C
2025-08-02 05:43:00,2.500272004998514e-06,C
2025-08-02 05:44:00,2.4928656342151747e-06,C
2025-08-02 05:45:00,2.5290022659678786e-06,C
2025-08-02 05:46:00,2.5012810125014696e-06,C
2025-08-02 05:47:00,2.5218643441219424e-06,C
2025-08-02 05:48:00,2.5151572962815632e-06,C
2025-08-02 05:49:00,2.506731894337915e-06,C
2025-08-02 05:50:00,2.5222435141252946e-06,C
2025-08-02 05:51:00,2.5196718049167298e-06,C
2025-08-02 05:52:00,2.4779080670183465e-06,C
2025-08-02 05:53:00,2.4042567743597553e-06,C
2025-08-02 05:54:00,2.377220513283384e-06,C
2025-08-02 05:55:00,2.3302390992977403e-06,C
2025-08-02 05:56:00,2.3454847540264463e-06,C
2025-08-02 05:57:00,2.3904035232280308e-06,C
2025-08-02 05:58:00,2.455692203528304e-06,C
2025-08-02 05:59:00,2.4421456282672654e-06,C
2025-08-02 06:00:00,2.4573856337831254e-06,C
2025-08-02 06:01:00,2.451149043732632e-06,C
2025-08-02 06:02:00,2.4606132057576804e-06,C
2025-08-02 06:03:00,2.466853077217752e-06,C
2025-08-02 06:04:00,2.444304663791073e-06,C
2025-08-02 06:05:00,2.426063871898899e-06,C
2025-08-02 06:06:00,2.4068341000049704e-06,C
2025-08-02 06:07:00,2.3796214477272723e-06,C
2025-08-02 06:08:00,2.3317542265998954e-06,C
2025-08-02 06:09:00,2.321803631574764e-06,C
2025-08-02 06:10:00,2.332713770754678e-06,C
2025-08-02 06:11:00,2.338441925251657e-06,C
2025-08-02 06:12:00,2.373510461361192e-06,C
2025-08-02 06:13:00,2.361744675321694e-06,C
2025-08-02 06:14:00,2.3672904151818387e-06,C
2025-08-02 06:15:00,2.370151954648607e-06,C
2025-08-02 06:16:00,2.385931621474492e-06,C
2025-08-02 06:17:00,2.4286423060611506e-06,C
2025-08-02 06:18:00,2.4290574322759086e-06,C
2025-08-02 06:19:00,2.4256276573494146e-06,C
2025-08-02 06:20:00,2.419370558565313e-06,C
2025-08-02 06:21:00,2.4238790281577094e-06,C
2025-08-02 06:22:00,2.4383425969769775e-06,C
2025-08-02 06:23:00,2.4507982479669974e-06,C
2025-08-02 06:24:00,2.44717128120471e-06,C
2025-08-02 06:25:00,2.4547540029703686e-06,C
2025-08-02 06:26:00,2.4239505034286636e-06,C
2025-08-02 06:27:00,2.4115568100322027e-06,C
2025-08-02 06:28:00,2.420749210879428e-06,C
2025-08-02 06:29:00,2.3937097053440428e-06,C
2025-08-02 06:30:00,2.38442723634397e-06,C
2025-08-02 06:31:00,2.3907496064333492e-06,C
2025-08-02 06:32:00,2.372281476334385e-06,C
2025-08-02 06:33:00,2.3542053436734508e-06,C
2025-08-02 06:34:00,2.359795316479892e-06,C
2025-08-02 06:35:00,2.36298645114284e-06,C
2025-08-02 06:36:00,2.3676504978534625e-06,C
2025-08-02 06:37:00,2.3906069791366913e-06,C
2025-08-02 06:38:00,2.361396901839177e-06,C
2025-08-02 06:39:00,2.351733428693751e-06,C
2025-08-02 06:40:00,2.3408987238156385e-06,C
2025-08-02 06:41:00,2.346509875151993e-06,C
2025-08-02 06:42:00,2.3977438379957296e-06,C
2025-08-02 06:43:00,2.4611441166071998e-06,C
2025-08-02 06:44:00,2.4681422526038715e-06,C
2025-08-02 06:45:00,2.4150514901590605e-06,C
2025-08-02 06:46:00,2.3315960276607436e-06,C
2025-08-02 06:47:00,2.3065388852727147e-06,C
2025-08-02 06:48:00,2.321222171290463e-06,C
2025-08-02 06:49:00,2.3009884412564074e-06,C
2025-08-02 06:50:00,2.2973490890735005e-06,C
2025-08-02 06:51:00,2.2355001947619554e-06,C
2025-08-02 06:52:00,2.2176589276695035e-06,C
2025-08-02 06:53:00,2.2265604782424314e-06,C
2025-08-02 06:54:00,2.216933954931493e-06,C
2025-08-02 06:55:00,2.2260155358456117e-06,C
2025-08-02 06:56:00,2.2367021917711906e-06,C
2025-08-02 06:57:00,2.2473965440641535e-06,C
2025-08-02 06:58:00,2.227637492846972e-06,C
2025-08-02 06:59:00,2.2296475621409782e-06,C
2025-08-02 07:00:00,2.2146693282867137e-06,C
2025-08-02 07:01:00,2.1847129470831614e-06,C
2025-08-02 07:02:00,2.2099348548514644e-06,C
2025-08-02 07:03:00,2.193206617935014e-06,C
2025-08-02 07:04:00,2.1848329725505617e-06,C
2025-08-02 07:05:00,2.2000242434228567e-06,C
2025-08-02 07:06:00,2.213921797535896e-06,C
2025-08-02 07:07:00,2.2168955774769514e-06,C
2025-08-02 07:08:00,2.241759226057445e-06,C
2025-08-02 07:09:00,2.2238820095742636e-06,C
2025-08-02 07:10:00,2.2274990770014664e-06,C
2025-08-02 07:11:00,2.2450056112016894e-06,C
2025-08-02 07:12:00,2.2452313762138153e-06,C
2025-08-02 07:13:00,2.238768966268739e-06,C
2025-08-02 07:14:00,2.2677186708114437e-06,C
2025-08-02 07:15:00,2.274633755633123e-06,C
2025-08-02 07:16:00,2.2278234543941298e-06,C
2025-08-02 07:17:00,2.223554352902843e-06,C
2025-08-02 07:18:00,2.2128440790252265e-06,C
2025-08-02 07:19:00,2.202643038879275e-06,C
2025-08-02 07:20:00,2.1996399358567605e-06,C
2025-08-02 07:21:00,2.1850048105261846e-06,C
2025-08-02 07:22:00,2.1715013323165862e-06,C
2025-08-02 07:23:00,2.1699216813136495e-06,C
2025-08-02 07:24:00,2.174647212915236e-06,C
2025-08-02 07:25:00,2.1898643526511768e-06,C
2025-08-02 07:26:00,2.1998005515215953e-06,C
2025-08-02 07:27:00,2.1941770165918187e-06,C
2025-08-02 07:28:00,2.177883003173355e-06,C
2025-08-02 07:29:00,2.1689053781644734e-06,C
2025-08-02 07:30:00,2.170211552536311e-06,C
2025-08-02 07:31:00,2.1665659801320977e-06,C
2025-08-02 07:32:00,2.161300223785909e-06,C
2025-08-02 07:33:00,2.184849116246641e-06,C
2025-08-02 07:34:00,2.183551017341839e-06,C
2025-08-02 07:35:00,2.1793118303969946e-06,C
2025-08-02 07:36:00,2.184717900547002e-06,C
2025-08-02 07:37:00,2.1651567564090206e-06,C
2025-08-02 07:38:00,2.154161982565258e-06,C
2025-08-02 07:39:00,2.120176866138503e-06,C
2025-08-02 07:40:00,2.060311894907639e-06,C
2025-08-02 07:41:00,2.016547345897887e-06,C
2025-08-02 07:42:00,1.9445889187926113e-06,C
2025-08-02 07:43:00,1.8837789545676592e-06,C
2025-08-02 07:44:00,1.8360982622209123e-06,C
2025-08-02 07:45:00,1.7979117637050774e-06,C
2025-08-02 07:46:00,1.7739728463573368e-06,C
2025-08-02 07:47:00,1.7683195944441263e-06,C
2025-08-02 07:48:00,1.7643416319206146e-06,C
2025-08-02 07:49:00,1.768312567007369e-06,C
2025-08-02 07:50:00,1.7923033459536229e-06,C
2025-08-02 07:51:00,1.8129214267287523e-06,C
2025-08-02 07:52:00,1.8117377089587097e-06,C
2025-08-02 07:53:00,1.808118813299111e-06,C
2025-08-02 07:54:00,1.8106441433348298e-06,C
2025-08-02 07:55:00,1.7993713720758827e-06,C
2025-08-02 07:56:00,1.7875760644997029e-06,C
2025-08-02 07:57:00,1.789845880362548e-06,C
2025-08-02 07:58:00,1.7860629338713314e-06,C
2025-08-02 07:59:00,1.7889973710527581e-06,C
2025-08-02 08:00:00,1.7959826320136033e-06,C
2025-08-02 08:01:00,1.7997502938233007e-06,C
2025-08-02 08:02:00,1.8040895422411011e-06,C
2025-08-02 08:03:00,1.8139487125650531e-06,C
2025-08-02 08:04:00,1.81213959954479e-06,C
2025-08-02 08:05:00,1.815344561005582e-06,C
2025-08-02 08:06:00,1.8196950261379235e-06,C
2025-08-02 08:07:00,1.8541580415661131e-06,C
2025-08-02 08:08:00,1.8970420880789032e-06,C
2025-08-02 08:09:00,1.914336281755995e-06,C
2025-08-02 08:10:00,1.936202256765825e-06,C
2025-08-02 08:11:00,1.9687247601264158e-06,C
2025-08-02 08:12:00,1.9832135397053036e-06,C
2025-08-02 08:13:00,1.978865219441502e-06,C
2025-08-02 08:14:00,1.972748091716939e-06,C
2025-08-02 08:15:00,1.991878133186964e-06,C
2025-08-02 08:16:00,1.988187775813141e-06,C
2025-08-02 08:17:00,2.000050841235679e-06,C
2025-08-02 08:18:00,2.0071630995657766e-06,C
2025-08-02 08:19:00,2.0885749799992856e-06,C
2025-08-02 08:20:00,2.19980192023563e-06,C
2025-08-02 08:21:00,2.260899061594993e-06,C
2025-08-02 08:22:00,2.2710652526581237e-06,C
2025-08-02 08:23:00,2.2689490241328393e-06,C
2025-08-02 08:24:00,2.259263389810118e-06,C
2025-08-02 08:25:00,2.276849188862172e-06,C
2025-08-02 08:26:00,2.278238802378747e-06,C
2025-08-02 08:27:00,2.2758170752417624e-06,C
2025-08-02 08:28:00,2.2782268668971615e-06,C
2025-08-02 08:29:00,2.280623897501811e-06,C
2025-08-02 08:30:00,2.278102844536581e-06,C
2025-08-02 08:31:00,2.291984731249447e-06,C
2025-08-02 08:32:00,2.30484499630749e-06,C
2025-08-02 08:33:00,2.3382449658679003e-06,C
2025-08-02 08:34:00,2.2972939237914804e-06,C
2025-08-02 08:35:00,2.232137784350494e-06,C
2025-08-02 08:36:00,2.2125363677683676e-06,C
2025-08-02 08:37:00,2.2237573231200314e-06,C
2025-08-02 08:38:00,2.257681596318005e-06,C
2025-08-02 08:39:00,2.2641423194360694e-06,C
2025-08-02 08:40:00,2.274035703938703e-06,C
2025-08-02 08:41:00,2.273205456204228e-06,C
2025-08-02 08:42:00,2.264562481368821e-06,C
2025-08-02 08:43:00,2.2717612996766174e-06,C
2025-08-02 08:44:00,2.2323372567604855e-06,C
2025-08-02 08:45:00,2.24043771520486e-06,C
2025-08-02 08:46:00,2.228050192149566e-06,C
2025-08-02 08:47:00,2.232272118426409e-06,C
2025-08-02 08:48:00,2.229353430206122e-06,C
2025-08-02 08:49:00,2.2520673362596343e-06,C
2025-08-02 08:50:00,2.250524522556177e-06,C
2025-08-02 08:51:00,2.2403471482044986e-06,C
2025-08-02 08:52:00,2.2236211437187616e-06,C
2025-08-02 08:53:00,2.255313005765401e-06,C
2025-08-02 08:54:00,2.266327983261068e-06,C
2025-08-02 08:55:00,2.2720100420870324e-06,C
2025-08-02 08:56:00,2.269770693045972e-06,C
2025-08-02 08:57:00,2.275577220971802e-06,C
2025-08-02 08:58:00,2.2754285869849883e-06,C
2025-08-02 08:59:00,2.314203155263228e-06,C
2025-08-02 09:00:00,2.3514112462891702e-06,C
2025-08-02 09:01:00,2.3820593110597335e-06,C
2025-08-02 09:02:00,2.3929771097913584e-06,C
2025-08-02 09:03:00,2.3749608567899675e-06,C
2025-08-02 09:04:00,2.3708214303862752e-06,C
2025-08-02 09:05:00,2.3908695278126023e-06,C
2025-08-02 09:06:00,2.3817268500673817e-06,C
2025-08-02 09:07:00,2.337377494699765e-06,C
2025-08-02 09:08:00,2.331466781314695e-06,C
2025-08-02 09:09:00,2.2975850058282923e-06,C
2025-08-02 09:10:00,2.221346748186553e-06,C
2025-08-02 09:11:00,2.2291762818660073e-06,C
2025-08-02 09:12:00,2.245142864725435e-06,C
2025-08-02 09:13:00,2.2548171426626645e-06,C
2025-08-02 09:14:00,2.2602416592593488e-06,C
2025-08-02 09:15:00,2.255934889186462e-06,C
2025-08-02 09:16:00,2.252568160129571e-06,C
2025-08-02 09:17:00,2.2615003947885854e-06,C
2025-08-02 09:18:00,2.244184716940625e-06,C
2025-08-02 09:19:00,2.2279529413089853e-06,C
2025-08-02 09:20:00,2.251462011463571e-06,C
2025-08-02 09:21:00,2.2494877793851582e-06,C
2025-08-02 09:22:00,2.2482560807169317e-06,C
2025-08-02 09:23:00,2.223850682653637e-06,C
2025-08-02 09:24:00,2.217691000490077e-06,C
2025-08-02 09:25:00,2.202256828677707e-06,C
2025-08-02 09:26:00,2.2192863100162475e-06,C
2025-08-02 09:27:00,2.199390202882127e-06,C
2025-08-02 09:28:00,2.2213196090802345e-06,C
2025-08-02 09:29:00,2.211850529736318e-06,C
2025-08-02 09:30:00,2.214064523051008e-06,C
2025-08-02 09:31:00,2.2222051496663147e-06,C
2025-08-02 09:32:00,2.197587645595561e-06,C
2025-08-02 09:33:00,2.1993572023275333e-06,C
2025-08-02 09:34:00,2.196625917307321e-06,C
2025-08-02 09:35:00,2.196434859995933e-06,C
2025-08-02 09:36:00,2.15529611460108e-06,C
2025-08-02 09:37:00,2.134390947462027e-06,C
2025-08-02 09:38:00,2.105319683358705e-06,C
2025-08-02 09:39:00,2.1544493615518795e-06,C
2025-08-02 09:40:00,2.196371508450813e-06,C
2025-08-02 09:41:00,2.172500441114344e-06,C
2025-08-02 09:42:00,2.2244632649109905e-06,C
2025-08-02 09:43:00,2.24212745137685e-06,C
2025-08-02 09:44:00,2.2228045638499745e-06,C
2025-08-02 09:45:00,2.2246327540460857e-06,C
2025-08-02 09:46:00,2.2293211470496655e-06,C
2025-08-02 09:47:00,2.227501832469364e-06,C
2025-08-02 09:48:00,2.2439585430683607e-06,C
2025-08-02 09:49:00,2.2199722412495574e-06,C
2025-08-02 09:50:00,2.2177694224439456e-06,C
2025-08-02 09:51:00,2.238997608563234e-06,C
2025-08-02 09:52:00,2.2279593754447264e-06,C
2025-08-02 09:53:00,2.226705921098976e-06,C
2025-08-02 09:54:00,2.225866664374077e-06,C
2025-08-02 09:55:00,2.232258802665322e-06,C
2025-08-02 09:56:00,2.2563603369784122e-06,C
2025-08-02 09:57:00,2.255409877974401e-06,C
2025-08-02 09:58:00,2.281385360968589e-06,C
2025-08-02 09:59:00,2.2666804197775344e-06,C
2025-08-02 10:00:00,2.279719423376165e-06,C
2025-08-02 10:01:00,2.2826986990138725e-06,C
2025-08-02 10:02:00,2.2835252282080837e-06,C
2025-08-02 10:03:00,2.2641415000789103e-06,C
2025-08-02 10:04:00,2.2850719259753987e-06,C
2025-08-02 10:05:00,2.308744702441305e-06,C
2025-08-02 10:06:00,2.3349343357576392e-06,C
2025-08-02 10:07:00,2.357389645068827e-06,C
2025-08-02 10:08:00,2.3370380315862737e-06,C
2025-08-02 10:09:00,2.3415046306264067e-06,C
2025-08-02 10:10:00,2.352888606149947e-06,C
2025-08-02 10:11:00,2.3776265616694703e-06,C
2025-08-02 10:12:00,2.3953235538444694e-06,C
2025-08-02 10:13:00,2.3866116685426467e-06,C
2025-08-02 10:14:00,2.34819876936727e-06,C
2025-08-02 10:15:00,2.3469945695308748e-06,C
2025-08-02 10:16:00,2.340085342509798e-06,C
2025-08-02 10:17:00,2.3510713590347e-06,C
2025-08-02 10:18:00,2.3634198305223214e-06,C
2025-08-02 10:19:00,2.388678386298195e-06,C
2025-08-02 10:20:00,2.3492470057118914e-06,C
2025-08-02 10:21:00,2.3200725996220295e-06,C
2025-08-02 10:22:00,2.273927636635616e-06,C
2025-08-02 10:23:00,2.216274666723744e-06,C
2025-08-02 10:24:00,2.2372736384142754e-06,C
2025-08-02 10:25:00,2.2388578332176723e-06,C
2025-08-02 10:26:00,2.2540549536802375e-06,C
2025-08-02 10:27:00,2.2760226947854285e-06,C
2025-08-02 10:28:00,2.243961749919947e-06,C
2025-08-02 10:29:00,2.2558303739883215e-06,C
2025-08-02 10:30:00,2.234450029584627e-06,C
2025-08-02 10:31:00,2.2516022914635173e-06,C
2025-08-02 10:32:00,2.251381148140417e-06,C
2025-08-02 10:33:00,2.2504046008176556e-06,C
2025-08-02 10:34:00,2.2643046097314318e-06,C
2025-08-02 10:35:00,2.2553798028168195e-06,C
2025-08-02 10:36:00,2.2633351434526185e-06,C
2025-08-02 10:37:00,2.25558364535703e-06,C
2025-08-02 10:38:00,2.262986097682925e-06,C
2025-08-02 10:39:00,2.292558613788598e-06,C
2025-08-02 10:40:00,2.2930725122217286e-06,C
2025-08-02 10:41:00,2.2979258630359607e-06,C
2025-08-02 10:42:00,2.256757689980914e-06,C
2025-08-02 10:43:00,2.289252154809728e-06,C
2025-08-02 10:44:00,2.276610957064022e-06,C
2025-08-02 10:45:00,2.2340518798419753e-06,C
2025-08-02 10:46:00,2.2321038195125627e-06,C
2025-08-02 10:47:00,2.164787961514795e-06,C
2025-08-02 10:48:00,2.1537870842515317e-06,C
2025-08-02 10:49:00,2.1506100921942958e-06,C
2025-08-02 10:50:00,2.1143218629855365e-06,C
2025-08-02 10:51:00,2.1211132056375425e-06,C
2025-08-02 10:52:00,2.1319967241993264e-06,C
2025-08-02 10:53:00,2.130705830541119e-06,C
2025-08-02 10:54:00,2.117899304207608e-06,C
2025-08-02 10:55:00,2.117899304207608e-06,C
2025-08-02 10:56:00,2.1629562098652375e-06,C
2025-08-02 10:57:00,2.220914390811382e-06,C
2025-08-02 10:58:00,2.265635007482737e-06,C
2025-08-02 10:59:00,2.2283140874445486e-06,C
2025-08-02 11:00:00,2.2371662525839194e-06,C
2025-08-02 11:01:00,2.2263610879979483e-06,C
2025-08-02 11:02:00,2.2073376128799708e-06,C
2025-08-02 11:03:00,2.2089651422679618e-06,C
2025-08-02 11:04:00,2.219440104262019e-06,C
2025-08-02 11:05:00,2.220202926435671e-06,C
2025-08-02 11:06:00,2.2054664905258614e-06,C
2025-08-02 11:07:00,2.2039548744074415e-06,C
2025-08-02 11:08:00,2.2009577467596518e-06,C
2025-08-02 11:09:00,2.17781740505941e-06,C
2025-08-02 11:10:00,2.1703594827372183e-06,C
2025-08-02 11:11:00,2.172816030084272e-06,C
2025-08-02 11:12:00,2.1442807843625777e-06,C
2025-08-02 11:13:00,2.1213014560105173e-06,C
2025-08-02 11:14:00,2.116878585387879e-06,C
2025-08-02 11:15:00,2.1175118002247565e-06,C
2025-08-02 11:16:00,2.107518779322338e-06,C
2025-08-02 11:17:00,2.1071475600588784e-06,C
2025-08-02 11:18:00,2.1074490591743902e-06,C
2025-08-02 11:19:00,2.1103472141746894e-06,C
2025-08-02 11:20:00,2.1103472141746894e-06,C
2025-08-02 11:21:00,2.1093019792742065e-06,C
2025-08-02 11:22:00,2.107025502894605e-06,C
2025-08-02 11:23:00,2.1028074873878756e-06,C
2025-08-02 11:24:00,2.1025462057519027e-06,C
2025-08-02 11:25:00,2.103891880711486e-06,C
2025-08-02 11:26:00,2.093733599265608e-06,C
2025-08-02 11:27:00,2.09921743976894e-06,C
2025-08-02 11:28:00,2.106245048193609e-06,C
2025-08-02 11:29:00,2.1067167916408928e-06,C
2025-08-02 11:30:00,2.103612550234519e-06,C
2025-08-02 11:31:00,2.098997418158783e-06,C
2025-08-02 11:32:00,2.096723637683598e-06,C
2025-08-02 11:33:00,2.0905261148100407e-06,C
2025-08-02 11:34:00,2.1257349280955134e-06,C
2025-08-02 11:35:00,2.124501947941231e-06,C
2025-08-02 11:36:00,2.110321972525242e-06,C
2025-08-02 11:37:00,2.120807472759075e-06,C
2025-08-02 11:38:00,2.1127800335845262e-06,C
2025-08-02 11:39:00,2.12305687468269e-06,C
2025-08-02 11:40:00,2.1134687936184683e-06,C
2025-08-02 11:41:00,2.110342124800915e-06,C
2025-08-02 11:42:00,2.1400737788284436e-06,C
2025-08-02 11:43:00,2.1488315851626115e-06,C
2025-08-02 11:44:00,2.1542044035779027e-06,C
2025-08-02 11:45:00,2.177152590809936e-06,C
2025-08-02 11:46:00,2.1611922272204387e-06,C
2025-08-02 11:47:00,2.1630871559876995e-06,C
2025-08-02 11:48:00,2.1593862122681554e-06,C
2025-08-02 11:49:00,2.1646020259914343e-06,C
2025-08-02 11:50:00,2.158641347714247e-06,C
2025-08-02 11:51:00,2.1593692128853275e-06,C
2025-08-02 11:52:00,2.155368041010406e-06,C
2025-08-02 11:53:00,2.129551564105472e-06,C
2025-08-02 11:54:00,2.1186812452206167e-06,C
2025-08-02 11:55:00,2.127864733417041e-06,C
2025-08-02 11:56:00,2.120029033942769e-06,C
2025-08-02 11:57:00,2.1145429387864306e-06,C
2025-08-02 11:58:00,2.108076753084497e-06,C
2025-08-02 11:59:00,2.106840314234294e-06,C
2025-08-02 12:00:00,2.115469951584348e-06,C
2025-08-02 12:01:00,2.1291132908531915e-06,C
2025-08-02 12:02:00,2.1367245096786903e-06,C
2025-08-02 12:03:00,2.1100948547996966e-06,C
2025-08-02 12:04:00,2.100091387240516e-06,C
2025-08-02 12:05:00,2.1015245110357242e-06,C
2025-08-02 12:06:00,2.0888927412654756e-06,C
2025-08-02 12:07:00,2.0895175847900665e-06,C
2025-08-02 12:08:00,2.0915803946783377e-06,C
2025-08-02 12:09:00,2.098203109498415e-06,C
2025-08-02 12:10:00,2.086233933369746e-06,C
2025-08-02 12:11:00,2.085884711159631e-06,C
2025-08-02 12:12:00,2.084714050678182e-06,C
2025-08-02 12:13:00,2.0615949306763972e-06,C
2025-08-02 12:14:00,2.0664088845021375e-06,C
2025-08-02 12:15:00,2.0656585034306967e-06,C
2025-08-02 12:16:00,2.0528620590727826e-06,C
2025-08-02 12:17:00,2.051232055713126e-06,C
2025-08-02 12:18:00,2.046154216705447e-06,C
2025-08-02 12:19:00,2.0253679085338685e-06,C
2025-08-02 12:20:00,2.0003345377180827e-06,C
2025-08-02 12:21:00,1.9686258553780714e-06,C
2025-08-02 12:22:00,1.9578049766743432e-06,C
2025-08-02 12:23:00,1.9406001522262084e-06,C
2025-08-02 12:24:00,1.945171496149349e-06,C
2025-08-02 12:25:00,1.945171496149349e-06,C
2025-08-02 12:26:00,1.9519409860932542e-06,C
2025-08-02 12:27:00,1.9504475115239276e-06,C
2025-08-02 12:28:00,1.950948025245946e-06,C
2025-08-02 12:29:00,1.954195985670587e-06,C
2025-08-02 12:30:00,1.943727595592121e-06,C
2025-08-02 12:31:00,1.9483506814543133e-06,C
2025-08-02 12:32:00,1.9396726421944223e-06,C
2025-08-02 12:33:00,1.9418014562743052e-06,C
2025-08-02 12:34:00,1.946192287323044e-06,C
2025-08-02 12:35:00,1.939454027955738e-06,C
2025-08-02 12:36:00,1.9397348666748526e-06,C
2025-08-02 12:37:00,1.948132134695766e-06,C
2025-08-02 12:38:00,1.948652239651115e-06,C
2025-08-02 12:39:00,1.956241945867953e-06,C
2025-08-02 12:40:00,1.949025449855033e-06,C
2025-08-02 12:41:00,1.960606346778955e-06,C
2025-08-02 12:42:00,1.959773449517019e-06,C
2025-08-02 12:43:00,2.0001490515015755e-06,C
2025-08-02 12:44:00,2.046396932963208e-06,C
2025-08-02 12:45:00,2.143260141777973e-06,C
2025-08-02 12:46:00,2.1769294346274605e-06,C
2025-08-02 12:47:00,2.206020951355857e-06,C
2025-08-02 12:48:00,2.1432230149457736e-06,C
2025-08-02 12:49:00,2.093263732198338e-06,C
2025-08-02 12:50:00,2.1289815244246906e-06,C
2025-08-02 12:51:00,2.158376501912967e-06,C
2025-08-02 12:52:00,2.176894783254672e-06,C
2025-08-02 12:53:00,2.1766749453775216e-06,C
2025-08-02 12:54:00,2.242113602385302e-06,C
2025-08-02 12:55:00,2.2841856485797086e-06,C
2025-08-02 12:56:00,2.2547770719418853e-06,C
2025-08-02 12:57:00,2.203097200089592e-06,C
2025-08-02 12:58:00,2.182824222426457e-06,C
2025-08-02 12:59:00,2.18660750375617e-06,C
2025-08-02 13:00:00,2.247811585424942e-06,C
2025-08-02 13:01:00,2.2401501014680707e-06,C
2025-08-02 13:02:00,2.2368101619316027e-06,C
2025-08-02 13:03:00,2.2451957878819347e-06,C
2025-08-02 13:04:00,2.235750995954631e-06,C
2025-08-02 13:05:00,2.236536731677285e-06,C
2025-08-02 13:06:00,2.2239829074288847e-06,C
2025-08-02 13:07:00,2.2104698983468847e-06,C
2025-08-02 13:08:00,2.2089463935917213e-06,C
2025-08-02 13:09:00,2.209661489155719e-06,C
2025-08-02 13:10:00,2.1786729717089584e-06,C
2025-08-02 13:11:00,2.1726393409532934e-06,C
2025-08-02 13:12:00,2.2006269520290593e-06,C
2025-08-02 13:13:00,2.1916349781102544e-06,C
2025-08-02 13:14:00,2.1948516764689907e-06,C
2025-08-02 13:15:00,2.214458283372582e-06,C
2025-08-02 13:16:00,2.217918677320565e-06,C
2025-08-02 13:17:00,2.2234014731336676e-06,C
2025-08-02 13:18:00,2.225740420868738e-06,C
2025-08-02 13:19:00,2.2073479997851557e-06,C
2025-08-02 13:20:00,2.2074851915760173e-06,C
2025-08-02 13:21:00,2.2082705149972763e-06,C
2025-08-02 13:22:00,2.1864419103502254e-06,C
2025-08-02 13:23:00,2.1871461388081013e-06,C
2025-08-02 13:24:00,2.1857990538720706e-06,C
2025-08-02 13:25:00,2.189381377917247e-06,C
2025-08-02 13:26:00,2.187272705742598e-06,C
2025-08-02 13:27:00,2.1831525969647368e-06,C
2025-08-02 13:28:00,2.1831525969647368e-06,C
2025-08-02 13:29:00,2.1977680859742485e-06,C
2025-08-02 13:30:00,2.2060122516839764e-06,C
2025-08-02 13:31:00,2.2149869018004557e-06,C
2025-08-02 13:32:00,2.2149869018004557e-06,C
2025-08-02 13:33:00,2.2250088155142e-06,C
2025-08-02 13:34:00,2.2278148108840244e-06,C
2025-08-02 13:35:00,2.229810874672964e-06,C
2025-08-02 13:36:00,2.2316622217148266e-06,C
2025-08-02 13:37:00,2.226832253139121e-06,C
2025-08-02 13:38:00,2.2009388780343817e-06,C
2025-08-02 13:39:00,2.19910426942746e-06,C
2025-08-02 13:40:00,2.1279556937339078e-06,C
2025-08-02 13:41:00,2.157765802551641e-06,C
2025-08-02 13:42:00,2.183584062996763e-06,C
2025-08-02 13:43:00,2.17998017106579e-06,C
2025-08-02 13:44:00,2.176045169496111e-06,C
2025-08-02 13:45:00,2.187384775498945e-06,C
2025-08-02 13:46:00,2.1920480482899078e-06,C
2025-08-02 13:47:00,2.1968004879798406e-06,C
2025-08-02 13:48:00,2.1969101532927354e-06,C
2025-08-02 13:49:00,2.209515493699472e-06,C
2025-08-02 13:50:00,2.2194929024288947e-06,C
2025-08-02 13:51:00,2.217734094753403e-06,C
2025-08-02 13:52:00,2.2215843135294276e-06,C
2025-08-02 13:53:00,2.1446279404599993e-06,C
2025-08-02 13:54:00,2.1618125308227923e-06,C
2025-08-02 13:55:00,2.171099950107709e-06,C
2025-08-02 13:56:00,2.143474210675576e-06,C
2025-08-02 13:57:00,2.1762013784825807e-06,C
2025-08-02 13:58:00,2.205363605772114e-06,C
2025-08-02 13:59:00,2.1879660015167073e-06,C
2025-08-02 14:00:00,2.2026912634587906e-06,C
2025-08-02 14:01:00,2.21976974693992e-06,C
2025-08-02 14:02:00,2.230415294582641e-06,C
2025-08-02 14:03:00,2.2343020369922196e-06,C
2025-08-02 14:04:00,2.2253173888490502e-06,C
2025-08-02 14:05:00,2.18147497768578e-06,C
2025-08-02 14:06:00,2.187408400292521e-06,C
2025-08-02 14:07:00,2.181443779420267e-06,C
2025-08-02 14:08:00,2.1840652486282042e-06,C
2025-08-02 14:09:00,2.1721633564029833e-06,C
2025-08-02 14:10:00,2.1630691498004583e-06,C
2025-08-02 14:11:00,2.1646310658498107e-06,C
2025-08-02 14:12:00,2.1532479261696463e-06,C
2025-08-02 14:13:00,2.153595346041681e-06,C
2025-08-02 14:14:00,2.1532853625644177e-06,C
2025-08-02 14:15:00,2.154132956019656e-06,C
2025-08-02 14:16:00,2.170184067425539e-06,C
2025-08-02 14:17:00,2.1717175167062284e-06,C
2025-08-02 14:18:00,2.167734231464242e-06,C
2025-08-02 14:19:00,2.1641193218488272e-06,C
2025-08-02 14:20:00,2.1594116393788516e-06,C
2025-08-02 14:21:00,2.156962910024116e-06,C
2025-08-02 14:22:00,2.163407091640536e-06,C
2025-08-02 14:23:00,2.177601480296311e-06,C
2025-08-02 14:24:00,2.1784159301041937e-06,C
2025-08-02 14:25:00,2.1197116720015554e-06,C
2025-08-02 14:26:00,2.163128584113445e-06,C
2025-08-02 14:27:00,2.1833570281149984e-06,C
2025-08-02 14:28:00,2.205688237700435e-06,C
2025-08-02 14:29:00,2.198350854255377e-06,C
2025-08-02 14:30:00,2.196179720455494e-06,C
2025-08-02 14:31:00,2.137993970870516e-06,C
2025-08-02 14:32:00,2.115557010586828e-06,C
2025-08-02 14:33:00,2.1140209693769684e-06,C
2025-08-02 14:34:00,2.128385706938528e-06,C
2025-08-02 14:35:00,2.1317477069172243e-06,C
2025-08-02 14:36:00,2.1346936408421454e-06,C
2025-08-02 14:37:00,2.112934650055143e-06,C
2025-08-02 14:38:00,2.0924031098380775e-06,C
2025-08-02 14:39:00,2.0903389202544282e-06,C
2025-08-02 14:40:00,2.090225825799698e-06,C
2025-08-02 14:41:00,2.0859060314450245e-06,C
2025-08-02 14:42:00,2.0900400511837808e-06,C
2025-08-02 14:43:00,2.0914592263265053e-06,C
2025-08-02 14:44:00,2.0891615760759266e-06,C
2025-08-02 14:45:00,2.0815937087927887e-06,C
2025-08-02 14:46:00,2.0783602403945014e-06,C
2025-08-02 14:47:00,2.0776758885230435e-06,C
2025-08-02 14:48:00,2.086995178006373e-06,C
2025-08-02 14:49:00,2.075760172027558e-06,C
2025-08-02 14:50:00,2.0825425053851805e-06,C
2025-08-02 14:51:00,2.0736999800476097e-06,C
2025-08-02 14:52:00,2.070866857591772e-06,C
2025-08-02 14:53:00,2.0701849731032314e-06,C
2025-08-02 14:54:00,2.070494462119363e-06,C
2025-08-02 14:55:00,2.071288169570247e-06,C
2025-08-02 14:56:00,2.071288169570247e-06,C
2025-08-02 14:57:00,2.0759248023035993e-06,C
2025-08-02 14:58:00,2.0746753220441595e-06,C
2025-08-02 14:59:00,2.074533248764962e-06,C
2025-08-02 15:00:00,2.0844645893715712e-06,C
2025-08-02 15:01:00,2.0844645893715712e-06,C
2025-08-02 15:02:00,2.084236313979258e-06,C
2025-08-02 15:03:00,2.0839892353348307e-06,C
2025-08-02 15:04:00,2.0840392892296077e-06,C
2025-08-02 15:05:00,2.092785403602792e-06,C
2025-08-02 15:06:00,2.0906709542637665e-06,C
2025-08-02 15:07:00,2.0915692049646012e-06,C
2025-08-02 15:08:00,2.09089993440824e-06,C
2025-08-02 15:09:00,2.0929032212548066e-06,C
2025-08-02 15:10:00,2.0929032212548066e-06,C
2025-08-02 15:11:00,2.1069261093341107e-06,C
2025-08-02 15:12:00,2.1069261093341107e-06,C
2025-08-02 15:13:00,2.1069261093341107e-06,C
2025-08-02 15:14:00,2.1069261093341107e-06,C
2025-08-02 15:15:00,2.109974561114167e-06,C
2025-08-02 15:16:00,2.1073142829155004e-06,C
2025-08-02 15:17:00,2.1073142829155004e-06,C
2025-08-02 15:18:00,2.0997009092387254e-06,C
2025-08-02 15:19:00,2.0997009092387254e-06,C
2025-08-02 15:20:00,2.0997009092387254e-06,C
2025-08-02 15:21:00,2.12000765534032e-06,C
2025-08-02 15:22:00,2.1221153349372613e-06,C
2025-08-02 15:23:00,2.1221153349372613e-06,C
2025-08-02 15:24:00,2.096262173439294e-06,C
2025-08-02 15:25:00,2.0918781926494684e-06,C
2025-08-02 15:26:00,2.102030119478804e-06,C
2025-08-02 15:27:00,2.1034089691033506e-06,C
2025-08-02 15:28:00,2.102368245843328e-06,C
2025-08-02 15:29:00,2.1009755157908875e-06,C
2025-08-02 15:30:00,2.100918379819531e-06,C
2025-08-02 15:31:00,2.1051989885774612e-06,C
2025-08-02 15:32:00,2.1052962258056683e-06,C
2025-08-02 15:33:00,2.1052962258056683e-06,C
2025-08-02 15:34:00,2.102649420761251e-06,C
2025-08-02 15:35:00,2.102651142859019e-06,C
2025-08-02 15:36:00,2.0983686536811435e-06,C
2025-08-02 15:37:00,2.101564675257752e-06,C
2025-08-02 15:38:00,2.103135904069419e-06,C
2025-08-02 15:39:00,2.1004604119123753e-06,C
2025-08-02 15:40:00,2.0903160661144487e-06,C
2025-08-02 15:41:00,2.084848789849636e-06,C
2025-08-02 15:42:00,2.0832979821025093e-06,C
2025-08-02 15:43:00,2.0747591354435197e-06,C
2025-08-02 15:44:00,2.078759237144341e-06,C
2025-08-02 15:45:00,2.0777956149924547e-06,C
2025-08-02 15:46:00,2.0731170019279897e-06,C
2025-08-02 15:47:00,2.0810033836984106e-06,C
2025-08-02 15:48:00,2.087990800295437e-06,C
2025-08-02 15:49:00,2.087075921076909e-06,C
2025-08-02 15:50:00,2.0778186050478704e-06,C
2025-08-02 15:51:00,2.077516121985966e-06,C
2025-08-02 15:52:00,2.0839185879715606e-06,C
2025-08-02 15:53:00,2.0889737588798463e-06,C
2025-08-02 15:54:00,2.097089483323954e-06,C
2025-08-02 15:55:00,2.0950080384716466e-06,C
2025-08-02 15:56:00,2.0965210526447868e-06,C
2025-08-02 15:57:00,2.095957677151848e-06,C
2025-08-02 15:58:00,2.0961517645577897e-06,C
2025-08-02 15:59:00,2.0921272817614627e-06,C
2025-08-02 16:00:00,2.086854441438975e-06,C
2025-08-02 16:01:00,2.0870795235956347e-06,C
2025-08-02 16:02:00,2.0902566387703114e-06,C
2025-08-02 16:03:00,2.088376261868441e-06,C
2025-08-02 16:04:00,2.091475624636653e-06,C
2025-08-02 16:05:00,2.091247768829084e-06,C
2025-08-02 16:06:00,2.086258292697049e-06,C
2025-08-02 16:07:00,2.0818857290016535e-06,C
2025-08-02 16:08:00,2.0834889184511127e-06,C
2025-08-02 16:09:00,2.0828029206687814e-06,C
2025-08-02 16:10:00,2.0821697458648863e-06,C
2025-08-02 16:11:00,2.0775514887481253e-06,C
2025-08-02 16:12:00,2.0755159374772255e-06,C
2025-08-02 16:13:00,2.0753436321274862e-06,C
2025-08-02 16:14:00,2.0728807687305606e-06,C
2025-08-02 16:15:00,2.0712649917108946e-06,C
2025-08-02 16:16:00,2.0731224076705483e-06,C
2025-08-02 16:17:00,2.0731224076705483e-06,C
2025-08-02 16:18:00,2.0731224076705483e-06,C
2025-08-02 16:19:00,2.0733471790914015e-06,C
2025-08-02 16:20:00,2.0733471790914015e-06,C
2025-08-02 16:21:00,2.070503578247363e-06,C
2025-08-02 16:22:00,2.067469120141005e-06,C
2025-08-02 16:23:00,2.070503578247363e-06,C
2025-08-02 16:24:00,2.0702791151010756e-06,C
2025-08-02 16:25:00,2.075212487894779e-06,C
2025-08-02 16:26:00,2.078258311068123e-06,C
2025-08-02 16:27:00,2.071280635607548e-06,C
2025-08-02 16:28:00,2.0880992920039984e-06,C
2025-08-02 16:29:00,2.091877591008757e-06,C
2025-08-02 16:30:00,2.0798150599936197e-06,C
2025-08-02 16:31:00,2.102924033284351e-06,C
2025-08-02 16:32:00,2.104814963331158e-06,C
2025-08-02 16:33:00,2.1039352099261645e-06,C
2025-08-02 16:34:00,2.099726488402748e-06,C
2025-08-02 16:35:00,2.092329304075216e-06,C
2025-08-02 16:36:00,2.0883394063977417e-06,C
2025-08-02 16:37:00,2.0899007473750157e-06,C
2025-08-02 16:38:00,2.1340886229020474e-06,C
2025-08-02 16:39:00,2.1331838472843326e-06,C
2025-08-02 16:40:00,2.1227297545739683e-06,C
2025-08-02 16:41:00,2.1031517679581612e-06,C
2025-08-02 16:42:00,2.095634347733389e-06,C
2025-08-02 16:43:00,2.0987795460045e-06,C
2025-08-02 16:44:00,2.098317114870294e-06,C
2025-08-02 16:45:00,2.159469939303446e-06,C
2025-08-02 16:46:00,2.203250880376792e-06,C
2025-08-02 16:47:00,2.17806938594419e-06,C
2025-08-02 16:48:00,2.1655307248820263e-06,C
2025-08-02 16:49:00,2.1667785465027022e-06,C
2025-08-02 16:50:00,2.149326165765652e-06,C
2025-08-02 16:51:00,2.139451517879881e-06,C
2025-08-02 16:52:00,2.0741598897847414e-06,C
2025-08-02 16:53:00,2.07414804693494e-06,C
2025-08-02 16:54:00,2.07414804693494e-06,C
2025-08-02 16:55:00,2.0727288413515542e-06,C
2025-08-02 16:56:00,2.0735556926155254e-06,C
2025-08-02 16:57:00,2.06368403592697e-06,C
2025-08-02 16:58:00,2.071346987853464e-06,C
2025-08-02 16:59:00,2.0785273140227385e-06,C
2025-08-02 17:00:00,2.0825693551227983e-06,C
2025-08-02 17:01:00,2.0812391183303635e-06,C
2025-08-02 17:02:00,2.0812391183303635e-06,C
2025-08-02 17:03:00,2.080644738877412e-06,C
2025-08-02 17:04:00,2.0742742960927634e-06,C
2025-08-02 17:05:00,2.082795150797595e-06,C
2025-08-02 17:06:00,2.0812391183303635e-06,C
2025-08-02 17:07:00,2.0819246438704344e-06,C
2025-08-02 17:08:00,2.08633156880559e-06,C
2025-08-02 17:09:00,2.0819246438704344e-06,C
2025-08-02 17:10:00,2.0819246438704344e-06,C
2025-08-02 17:11:00,2.0774283904221355e-06,C
2025-08-02 17:12:00,2.082814506355504e-06,C
2025-08-02 17:13:00,2.07547690171573e-06,C
2025-08-02 17:14:00,2.073577706738244e-06,C
2025-08-02 17:15:00,2.107119866770721e-06,C
2025-08-02 17:16:00,2.1078050236255983e-06,C
2025-08-02 17:17:00,2.108799329831263e-06,C
2025-08-02 17:18:00,2.115256920540624e-06,C
2025-08-02 17:19:00,2.1099863117578117e-06,C
2025-08-02 17:20:00,2.1108539174349146e-06,C
2025-08-02 17:21:00,2.106089650242509e-06,C
2025-08-02 17:22:00,2.1048727010718855e-06,C
2025-08-02 17:23:00,2.1127217468959673e-06,C
2025-08-02 17:24:00,2.114944263074196e-06,C
2025-08-02 17:25:00,2.1154103585310856e-06,C
2025-08-02 17:26:00,2.1160874745634163e-06,C
2025-08-02 17:27:00,2.111963449701539e-06,C
2025-08-02 17:28:00,2.108636736503527e-06,C
2025-08-02 17:29:00,2.108636736503527e-06,C
2025-08-02 17:30:00,2.1081721335014935e-06,C
2025-08-02 17:31:00,2.1093869039677187e-06,C
2025-08-02 17:32:00,2.1038661024718134e-06,C
2025-08-02 17:33:00,2.106953981022039e-06,C
2025-08-02 17:34:00,2.1055470972013334e-06,C
2025-08-02 17:35:00,2.1081721335014935e-06,C
2025-08-02 17:36:00,2.1081721335014935e-06,C
2025-08-02 17:37:00,2.108636736503527e-06,C
2025-08-02 17:38:00,2.1205639462378718e-06,C
2025-08-02 17:39:00,2.0866597144361687e-06,C
2025-08-02 17:40:00,2.093907409055259e-06,C
2025-08-02 17:41:00,2.083368823167602e-06,C
2025-08-02 17:42:00,2.083686828873669e-06,C
2025-08-02 17:43:00,2.085141911356892e-06,C
2025-08-02 17:44:00,2.09253816413857e-06,C
2025-08-02 17:45:00,2.0977593587594186e-06,C
2025-08-02 17:46:00,2.098972195293675e-06,C
2025-08-02 17:47:00,2.0948602234728666e-06,C
2025-08-02 17:48:00,2.0948602234728666e-06,C
2025-08-02 17:49:00,2.094398655896135e-06,C
2025-08-02 17:50:00,2.094398655896135e-06,C
2025-08-02 17:51:00,2.0948602234728666e-06,C
2025-08-02 17:52:00,2.159111996674815e-06,C
2025-08-02 17:53:00,2.123936398566674e-06,C
2025-08-02 17:54:00,2.084144966933745e-06,C
2025-08-02 17:55:00,2.0815805991688015e-06,C
2025-08-02 17:56:00,2.0799731108866415e-06,C
2025-08-02 17:57:00,2.0829288049424032e-06,C
2025-08-02 17:58:00,2.0827211921268027e-06,C
2025-08-02 17:59:00,2.0809682260839666e-06,C
2025-08-02 18:00:00,2.0809682260839666e-06,C
2025-08-02 18:01:00,2.0838866637452247e-06,C
2025-08-02 18:02:00,2.0843020715988914e-06,C
2025-08-02 18:03:00,2.0800591029964795e-06,C
2025-08-02 18:04:00,2.0769949416268814e-06,C
2025-08-02 18:05:00,2.0769949416268814e-06,C
2025-08-02 18:06:00,2.0769949416268814e-06,C
2025-08-02 18:07:00,2.0781917471787113e-06,C
2025-08-02 18:08:00,2.0797027903426684e-06,C
2025-08-02 18:09:00,2.0797027903426684e-06,C
2025-08-02 18:10:00,2.0782019135478765e-06,C
2025-08-02 18:11:00,2.0770051021413527e-06,C
2025-08-02 18:12:00,2.0775369203228764e-06,C
2025-08-02 18:13:00,2.071241497177975e-06,C
2025-08-02 18:14:00,2.0729750974658902e-06,C
2025-08-02 18:15:00,2.07015589569571e-06,C
2025-08-02 18:16:00,2.071835923628172e-06,C
2025-08-02 18:17:00,2.071294145790459e-06,C
2025-08-02 18:18:00,2.07186907391735e-06,C
2025-08-02 18:19:00,2.0702346841853856e-06,C
2025-08-02 18:20:00,2.0702346841853856e-06,C
2025-08-02 18:21:00,2.0702346841853856e-06,C
2025-08-02 18:22:00,2.067639907567259e-06,C
2025-08-02 18:23:00,2.067639907567259e-06,C
2025-08-02 18:24:00,2.0695336640997203e-06,C
2025-08-02 18:25:00,2.0683209537535542e-06,C
2025-08-02 18:26:00,2.0702369227353614e-06,C
2025-08-02 18:27:00,2.0664643791976654e-06,C
2025-08-02 18:28:00,2.0684055983760726e-06,C
2025-08-02 18:29:00,2.071736645231405e-06,C
2025-08-02 18:30:00,2.0659345317278516e-06,C
2025-08-02 18:31:00,2.0625729867531135e-06,C
2025-08-02 18:32:00,2.0637654800019026e-06,C
2025-08-02 18:33:00,2.0691670436386696e-06,C
2025-08-02 18:34:00,2.067120747682665e-06,C
2025-08-02 18:35:00,2.0629333685935504e-06,C
2025-08-02 18:36:00,2.0683365381115525e-06,C
2025-08-02 18:37:00,2.072997018838354e-06,C
2025-08-02 18:38:00,2.069395211070326e-06,C
2025-08-02 18:39:00,2.0647703103971905e-06,C
2025-08-02 18:40:00,2.0705522519043714e-06,C
2025-08-02 18:41:00,2.0693558370958196e-06,C
2025-08-02 18:42:00,2.0705691542209933e-06,C
2025-08-02 18:43:00,2.0639500048364793e-06,C
2025-08-02 18:44:00,2.065798888713149e-06,C
2025-08-02 18:45:00,2.065798888713149e-06,C
2025-08-02 18:46:00,2.065798888713149e-06,C
2025-08-02 18:47:00,2.063226614378655e-06,C
2025-08-02 18:48:00,2.063226614378655e-06,C
2025-08-02 18:49:00,2.065798888713149e-06,C
2025-08-02 18:50:00,2.065798888713149e-06,C
2025-08-02 18:51:00,2.066012874258181e-06,C
2025-08-02 18:52:00,2.0619580655575867e-06,C
2025-08-02 18:53:00,2.071090147120391e-06,C
2025-08-02 18:54:00,2.0727785814387957e-06,C
2025-08-02 18:55:00,2.07923133856842e-06,C
2025-08-02 18:56:00,2.07923133856842e-06,C
2025-08-02 18:57:00,2.0887693946546925e-06,C
2025-08-02 18:58:00,2.0855266144220998e-06,C
2025-08-02 18:59:00,2.0887693946546925e-06,C
2025-08-02 19:00:00,2.0855266144220998e-06,C
2025-08-02 19:01:00,2.0887693946546925e-06,C
2025-08-02 19:02:00,2.0867323784963077e-06,C
2025-08-02 19:03:00,2.089977033568511e-06,C
2025-08-02 19:04:00,2.0867323784963077e-06,C
2025-08-02 19:05:00,2.1323854153838265e-06,C
2025-08-02 19:06:00,2.0976786401949292e-06,C
2025-08-02 19:07:00,2.0804828579355765e-06,C
2025-08-02 19:08:00,2.083717795643543e-06,C
2025-08-02 19:09:00,2.081742860037162e-06,C
2025-08-02 19:10:00,2.0859233833844827e-06,C
2025-08-02 19:11:00,2.0850254190402213e-06,C
2025-08-02 19:12:00,2.0850254190402213e-06,C
2025-08-02 19:13:00,2.075504459264096e-06,C
2025-08-02 19:14:00,2.0850254190402213e-06,C
2025-08-02 19:15:00,2.079400879028737e-06,C
2025-08-02 19:16:00,2.076390486640714e-06,C
2025-08-02 19:17:00,2.0699465459074184e-06,C
2025-08-02 19:18:00,2.0699465459074184e-06,C
2025-08-02 19:19:00,2.0687003800702587e-06,C
2025-08-02 19:20:00,2.0684861161690786e-06,C
2025-08-02 19:21:00,2.065160295684882e-06,C
2025-08-02 19:22:00,2.0677349807864535e-06,C
2025-08-02 19:23:00,2.0677349807864535e-06,C
2025-08-02 19:24:00,2.0692384208861583e-06,C
2025-08-02 19:25:00,2.0692384208861583e-06,C
2025-08-02 19:26:00,2.0692384208861583e-06,C
2025-08-02 19:27:00,2.0692384208861583e-06,C
2025-08-02 19:28:00,2.0789213437401308e-06,C
2025-08-02 19:29:00,2.0789213437401308e-06,C
2025-08-02 19:30:00,2.0789213437401308e-06,C
2025-08-02 19:31:00,2.0832799637902977e-06,C
2025-08-02 19:32:00,2.0832799637902977e-06,C
2025-08-02 19:33:00,2.0840367461184236e-06,C
2025-08-02 19:34:00,2.0832799637902977e-06,C
2025-08-02 19:35:00,2.0840367461184236e-06,C
2025-08-02 19:36:00,2.0815101969134145e-06,C
2025-08-02 19:37:00,2.086677599279289e-06,C
2025-08-02 19:38:00,2.086677599279289e-06,C
2025-08-02 19:39:00,2.080560555876132e-06,C
2025-08-02 19:40:00,2.078959153945406e-06,C
2025-08-02 19:41:00,2.078959153945406e-06,C
2025-08-02 19:42:00,2.0804736597457105e-06,C
2025-08-02 19:43:00,2.0845774050311297e-06,C
2025-08-02 19:44:00,2.081586728602413e-06,C
2025-08-02 19:45:00,2.0789947956963286e-06,C
2025-08-02 19:46:00,2.086672975025223e-06,C
2025-08-02 19:47:00,2.079321777279809e-06,C
2025-08-02 19:48:00,2.075708395019984e-06,C
2025-08-02 19:49:00,2.074320830857785e-06,C
2025-08-02 19:50:00,2.075381981655177e-06,C
2025-08-02 19:51:00,2.0756011027186927e-06,C
2025-08-02 19:52:00,2.0761221725944633e-06,C
2025-08-02 19:53:00,2.075708395019984e-06,C
2025-08-02 19:54:00,2.07193671885281e-06,C
2025-08-02 19:55:00,2.0690950524585176e-06,C
2025-08-02 19:56:00,2.0716746431161693e-06,C
2025-08-02 19:57:00,2.0716746431161693e-06,C
2025-08-02 19:58:00,2.0736901837219196e-06,C
2025-08-02 19:59:00,2.0708734096737206e-06,C
2025-08-02 20:00:00,2.067441047802724e-06,C
2025-08-02 20:01:00,2.067441047802724e-06,C
2025-08-02 20:02:00,2.067441047802724e-06,C
2025-08-02 20:03:00,2.0682409532436128e-06,C
2025-08-02 20:04:00,2.067029000403284e-06,C
2025-08-02 20:05:00,2.067441047802724e-06,C
2025-08-02 20:06:00,2.067441047802724e-06,C
2025-08-02 20:07:00,2.067441047802724e-06,C
2025-08-02 20:08:00,2.067441047802724e-06,C
2025-08-02 20:09:00,2.067441047802724e-06,C
2025-08-02 20:10:00,2.067441047802724e-06,C
2025-08-02 20:11:00,2.0689867641820323e-06,C
2025-08-02 20:12:00,2.0689867641820323e-06,C
2025-08-02 20:13:00,2.0730042886259004e-06,C
2025-08-02 20:14:00,2.0714555707999646e-06,C
2025-08-02 20:15:00,2.071042723293666e-06,C
2025-08-02 20:16:00,2.071042723293666e-06,C
2025-08-02 20:17:00,2.0730042886259004e-06,C
2025-08-02 20:18:00,2.0754880992495037e-06,C
2025-08-02 20:19:00,2.0754880992495037e-06,C
2025-08-02 20:20:00,2.0754880992495037e-06,C
2025-08-02 20:21:00,2.0754880992495037e-06,C
2025-08-02 20:22:00,2.0754880992495037e-06,C
2025-08-02 20:23:00,2.074595895656568e-06,C
2025-08-02 20:24:00,2.0735164216599677e-06,C
2025-08-02 20:25:00,2.0735164216599677e-06,C
2025-08-02 20:26:00,2.0754835528989717e-06,C
2025-08-02 20:27:00,2.073853948118773e-06,C
2025-08-02 20:28:00,2.073856248874256e-06,C
2025-08-02 20:29:00,2.073103163419715e-06,C
2025-08-02 20:30:00,2.0735164216599677e-06,C
2025-08-02 20:31:00,2.067687541922021e-06,C
2025-08-02 20:32:00,2.0763367906973853e-06,C
2025-08-02 20:33:00,2.0742977264519973e-06,C
2025-08-02 20:34:00,2.0747112228198195e-06,C
2025-08-02 20:35:00,2.0747112228198195e-06,C
2025-08-02 20:36:00,2.0747112228198195e-06,C
2025-08-02 20:37:00,2.075458758780956e-06,C
2025-08-02 20:38:00,2.075458758780956e-06,C
2025-08-02 20:39:00,2.074242576433466e-06,C
2025-08-02 20:40:00,2.074242576433466e-06,C
2025-08-02 20:41:00,2.074242576433466e-06,C
2025-08-02 20:42:00,2.075458758780956e-06,C
2025-08-02 20:43:00,2.074242576433466e-06,C
2025-08-02 20:44:00,2.0688239784174195e-06,C
2025-08-02 20:45:00,2.075045113426903e-06,C
2025-08-02 20:46:00,2.0782817697590973e-06,C
2025-08-02 20:47:00,2.0716588892399677e-06,C
2025-08-02 20:48:00,2.0782817697590973e-06,C
2025-08-02 20:49:00,2.0782817697590973e-06,C
2025-08-02 20:50:00,2.0782817697590973e-06,C
2025-08-02 20:51:00,2.0786960603173657e-06,C
2025-08-02 20:52:00,2.0786960603173657e-06,C
2025-08-02 20:53:00,2.087604671519232e-06,C
2025-08-02 20:54:00,2.0786960603173657e-06,C
2025-08-02 20:55:00,2.0786960603173657e-06,C
2025-08-02 20:56:00,2.0786960603173657e-06,C
2025-08-02 20:57:00,2.0786960603173657e-06,C
2025-08-02 20:58:00,2.0782817697590973e-06,C
2025-08-02 20:59:00,2.0782817697590973e-06,C
2025-08-02 21:00:00,2.0782817697590973e-06,C
2025-08-02 21:01:00,2.0782817697590973e-06,C
2025-08-02 21:02:00,2.0770849123643456e-06,C
2025-08-02 21:03:00,2.0723977523276605e-06,C
2025-08-02 21:04:00,2.0691702595952073e-06,C
2025-08-02 21:05:00,2.0691702595952073e-06,C
2025-08-02 21:06:00,2.0723977523276605e-06,C
2025-08-02 21:07:00,2.074263527124164e-06,C
2025-08-02 21:08:00,2.0745897645799094e-06,C
2025-08-02 21:09:00,2.0738425416119423e-06,C
2025-08-02 21:10:00,2.0734292183749737e-06,C
2025-08-02 21:11:00,2.0766633542333108e-06,C
2025-08-02 21:12:00,2.0712384323562403e-06,C
2025-08-02 21:13:00,2.0734292183749737e-06,C
2025-08-02 21:14:00,2.074936798727277e-06,C
2025-08-02 21:15:00,2.074936798727277e-06,C
2025-08-02 21:16:00,2.069204374948014e-06,C
2025-08-02 21:17:00,2.0734292183749737e-06,C
2025-08-02 21:18:00,2.0746239692865682e-06,C
2025-08-02 21:19:00,2.0746239692865682e-06,C
2025-08-02 21:20:00,2.0788858629632085e-06,C
2025-08-02 21:21:00,2.074936798727277e-06,C
2025-08-02 21:22:00,2.069516387176215e-06,C
2025-08-02 21:23:00,2.069516387176215e-06,C
2025-08-02 21:24:00,2.069516387176215e-06,C
2025-08-02 21:25:00,2.069516387176215e-06,C
2025-08-02 21:26:00,2.069516387176215e-06,C
2025-08-02 21:27:00,2.069516387176215e-06,C
2025-08-02 21:28:00,2.069516387176215e-06,C
2025-08-02 21:29:00,2.069516387176215e-06,C
2025-08-02 21:30:00,2.069516387176215e-06,C
2025-08-02 21:31:00,2.069516387176215e-06,C
2025-08-02 21:32:00,2.069516387176215e-06,C
2025-08-02 21:33:00,2.0699289304183606e-06,C
2025-08-02 21:34:00,2.0699289304183606e-06,C
2025-08-02 21:35:00,2.0699289304183606e-06,C
2025-08-02 21:36:00,2.069516387176215e-06,C
2025-08-02 21:37:00,2.069516387176215e-06,C
2025-08-02 21:38:00,2.069516387176215e-06,C
2025-08-02 21:39:00,2.0714797236091067e-06,C
2025-08-02 21:40:00,2.0714797236091067e-06,C
2025-08-02 21:41:00,2.0714797236091067e-06,C
2025-08-02 21:42:00,2.0714797236091067e-06,C
2025-08-02 21:43:00,2.0714797236091067e-06,C
2025-08-02 21:44:00,2.0714797236091067e-06,C
2025-08-02 21:45:00,2.0727444197986343e-06,C
2025-08-02 21:46:00,2.069516387176215e-06,C
2025-08-02 21:47:00,2.069516387176215e-06,C
2025-08-02 21:48:00,2.069516387176215e-06,C
2025-08-02 21:49:00,2.069516387176215e-06,C
2025-08-02 21:50:00,2.069516387176215e-06,C
2025-08-02 21:51:00,2.069516387176215e-06,C
2025-08-02 21:52:00,2.072096503122011e-06,C
2025-08-02 21:53:00,2.0867818564980964e-06,C
2025-08-02 21:54:00,2.0867818564980964e-06,C
2025-08-02 21:55:00,2.084183454765731e-06,C
2025-08-02 21:56:00,2.084183454765731e-06,C
2025-08-02 21:57:00,2.0829831986617932e-06,C
2025-08-02 21:58:00,2.0855801040059574e-06,C
2025-08-02 21:59:00,2.076384131709902e-06,C
2025-08-02 22:00:00,2.0867818564980964e-06,C
2025-08-02 22:01:00,2.0867818564980964e-06,C
2025-08-02 22:02:00,2.088761572566907e-06,C
2025-08-02 22:03:00,2.0884427923694817e-06,C
2025-08-02 22:04:00,2.08920145017162e-06,C
2025-08-02 22:05:00,2.0766451939877447e-06,C
2025-08-02 22:06:00,2.076962173398117e-06,C
2025-08-02 22:07:00,2.0861607057480996e-06,C
2025-08-02 22:08:00,2.0846449704767065e-06,C
2025-08-02 22:09:00,2.087896600670388e-06,C
2025-08-02 22:10:00,2.0890958203106567e-06,C
2025-08-02 22:11:00,2.0898547153348743e-06,C
2025-08-02 22:12:00,2.0898547153348743e-06,C
2025-08-02 22:13:00,2.0890958203106567e-06,C
2025-08-02 22:14:00,2.087892735234674e-06,C
2025-08-02 22:15:00,2.0904957614163806e-06,C
2025-08-02 22:16:00,2.0912551649899572e-06,C
2025-08-02 22:17:00,2.0886511932204084e-06,C
2025-08-02 22:18:00,2.0751477372653637e-06,C
2025-08-02 22:19:00,2.0754644881037346e-06,C
2025-08-02 22:20:00,2.0722322193250717e-06,C
2025-08-02 22:21:00,2.070726604030581e-06,C
2025-08-02 22:22:00,2.0722322193250717e-06,C
2025-08-02 22:23:00,2.0722322193250717e-06,C
2025-08-02 22:24:00,2.073956524349808e-06,C
2025-08-02 22:25:00,2.0754644881037346e-06,C
2025-08-02 22:26:00,2.0768167067852224e-06,C
2025-08-02 22:27:00,2.0768167067852224e-06,C
2025-08-02 22:28:00,2.0768167067852224e-06,C
2025-08-02 22:29:00,2.0768167067852224e-06,C
2025-08-02 22:30:00,2.0768167067852224e-06,C
2025-08-02 22:31:00,2.077435075375653e-06,C
2025-08-02 22:32:00,2.077435075375653e-06,C
2025-08-02 22:33:00,2.077435075375653e-06,C
2025-08-02 22:34:00,2.077435075375653e-06,C
2025-08-02 22:35:00,2.077435075375653e-06,C
2025-08-02 22:36:00,2.07484831199072e-06,C
2025-08-02 22:37:00,2.0760438806121097e-06,C
2025-08-02 22:38:00,2.0760438806121097e-06,C
2025-08-02 22:39:00,2.0690906920325806e-06,C
2025-08-02 22:40:00,2.071021192231121e-06,C
2025-08-02 22:41:00,2.071021192231121e-06,C
2025-08-02 22:42:00,2.07298595626256e-06,C
2025-08-02 22:43:00,2.07298595626256e-06,C
2025-08-02 22:44:00,2.0722867325288727e-06,C
2025-08-02 22:45:00,2.0722867325288727e-06,C
2025-08-02 22:46:00,2.0722867325288727e-06,C
2025-08-02 22:47:00,2.0722867325288727e-06,C
2025-08-02 22:48:00,2.0709374633208773e-06,C
2025-08-02 22:49:00,2.0694327887532105e-06,C
2025-08-02 22:50:00,2.0735193509565444e-06,C
2025-08-02 22:51:00,2.0689746408391326e-06,C
2025-08-02 22:52:00,2.0709374633208773e-06,C
2025-08-02 22:53:00,2.0694327887532105e-06,C
2025-08-02 22:54:00,2.0709374633208773e-06,C
2025-08-02 22:55:00,2.0697239303730456e-06,C
2025-08-02 22:56:00,2.0709374633208773e-06,C
2025-08-02 22:57:00,2.0709374633208773e-06,C
2025-08-02 22:58:00,2.0709374633208773e-06,C
2025-08-02 22:59:00,2.0691073622523396e-06,C
2025-08-02 23:00:00,2.0716869682569074e-06,C
2025-08-02 23:01:00,2.0704939087287683e-06,C
2025-08-02 23:02:00,2.0704939087287683e-06,C
2025-08-02 23:03:00,2.067915788288173e-06,C
2025-08-02 23:04:00,2.0644871042042494e-06,C
2025-08-02 23:05:00,2.0644871042042494e-06,C
2025-08-02 23:06:00,2.0644871042042494e-06,C
2025-08-02 23:07:00,2.065676702492855e-06,C
2025-08-02 23:08:00,2.065676702492855e-06,C
2025-08-02 23:09:00,2.0644871042042494e-06,C
2025-08-02 23:10:00,2.066595481198736e-06,C
2025-08-02 23:11:00,2.066595481198736e-06,C
2025-08-02 23:12:00,2.064551728380961e-06,C
2025-08-02 23:13:00,2.064551728380961e-06,C
2025-08-02 23:14:00,2.065741363907295e-06,C
2025-08-02 23:15:00,2.065741363907295e-06,C
2025-08-02 23:16:00,2.064551728380961e-06,C
2025-08-02 23:17:00,2.0609645942050776e-06,C
2025-08-02 23:18:00,2.0700922758426003e-06,C
2025-08-02 23:19:00,2.0700922758426003e-06,C
2025-08-02 23:20:00,2.0700922758426003e-06,C
2025-08-02 23:21:00,2.0700922758426003e-06,C
2025-08-02 23:22:00,2.0609645942050776e-06,C
2025-08-02 23:23:00,2.0700922758426003e-06,C
2025-08-02 23:24:00,2.0700922758426003e-06,C
2025-08-02 23:25:00,2.0700922758426003e-06,C
2025-08-02 23:26:00,2.0700922758426003e-06,C
2025-08-02 23:27:00,2.0700922758426003e-06,C
2025-08-02 23:28:00,2.0700922758426003e-06,C
2025-08-02 23:29:00,2.0704178572493974e-06,C
2025-08-02 23:30:00,2.111866690420105e-06,C
2025-08-02 23:31:00,2.1128175362765973e-06,C
2025-08-02 23:32:00,2.0682041348342473e-06,C
2025-08-02 23:33:00,2.06851982580018e-06,C
2025-08-02 23:34:00,2.066559294741215e-06,C
2025-08-02 23:35:00,2.066559294741215e-06,C
2025-08-02 23:36:00,2.074023059466672e-06,C
2025-08-02 23:37:00,2.074023059466672e-06,C
2025-08-02 23:38:00,2.075775652362624e-06,C
2025-08-02 23:39:00,2.079603958597201e-06,C
2025-08-02 23:40:00,2.077632922061644e-06,C
2025-08-02 23:41:00,2.0722054673572318e-06,C
2025-08-02 23:42:00,2.0718796048416667e-06,C
2025-08-02 23:43:00,2.0718796048416667e-06,C
2025-08-02 23:44:00,2.0722054673572318e-06,C
2025-08-02 23:45:00,2.0722054673572318e-06,C
2025-08-02 23:46:00,2.0722054673572318e-06,C
2025-08-02 23:47:00,2.0722054673572318e-06,C
2025-08-02 23:48:00,2.0719908404195808e-06,C
2025-08-02 23:49:00,2.0722054673572318e-06,C
2025-08-02 23:50:00,2.0719908404195808e-06,C
2025-08-02 23:51:00,2.0724038769262254e-06,C
2025-08-02 23:52:00,2.0719908404195808e-06,C
2025-08-02 23:53:00,2.0719908404195808e-06,C
2025-08-02 23:54:00,2.075271355214275e-06,C
2025-08-02 23:55:00,2.0755977511799006e-06,C
2025-08-02 23:56:00,2.0755977511799006e-06,C
2025-08-02 23:57:00,2.0755977511799006e-06,C
2025-08-02 23:58:00,2.075271355214275e-06,C
2025-08-02 23:59:00,2.075271355214275e-06,C
