timestamp,long_flux,short_flux
2025-07-24 01:15:00,1.5174747431956348e-06,3.3906907503933326e-08
2025-07-24 01:16:00,1.5097783716555568e-06,3.5394844388747515e-08
2025-07-24 01:17:00,1.5204249166345107e-06,3.5536405817993e-08
2025-07-24 01:18:00,1.550023512209009e-06,3.920768421039611e-08
2025-07-24 01:19:00,1.578722503836616e-06,4.2148229795202496e-08
2025-07-24 01:20:00,1.6080399518614286e-06,4.500348538272192e-08
2025-07-24 01:21:00,1.617403995624045e-06,4.49421690973395e-08
2025-07-24 01:22:00,1.618891246835119e-06,4.442314605057618e-08
2025-07-24 01:23:00,1.6106004068205948e-06,4.394269481622359e-08
2025-07-24 01:24:00,1.612933829164831e-06,4.565531597222616e-08
2025-07-24 01:25:00,1.6201639709834126e-06,4.1928910121669105e-08
2025-07-24 01:26:00,1.6123022987812874e-06,4.0072134055435527e-08
2025-07-24 01:27:00,1.6099935464808368e-06,3.977937623744765e-08
2025-07-24 01:28:00,1.6115892549350974e-06,3.9387039407756674e-08
2025-07-24 01:29:00,1.6131787106132833e-06,3.747652854713124e-08
2025-07-24 01:30:00,1.5943199969115085e-06,3.7033686339782435e-08
2025-07-24 01:31:00,1.5732242673038854e-06,3.4232296997060985e-08
2025-07-24 01:32:00,1.554251866764389e-06,3.160340966701369e-08
2025-07-24 01:33:00,1.5393509329442168e-06,3.0922983285108785e-08
2025-07-24 01:34:00,1.521837361906364e-06,2.59926196122251e-08
2025-07-24 01:35:00,1.5067238336996525e-06,2.5978863504860783e-08
2025-07-24 01:36:00,1.5074209613885614e-06,2.677551869112449e-08
2025-07-24 01:37:00,1.5270645690179663e-06,2.860269709969998e-08
2025-07-24 01:38:00,1.5423823924720637e-06,2.918730146461712e-08
2025-07-24 01:39:00,1.6227752439590404e-06,3.660767688984379e-08
2025-07-24 01:40:00,1.96356972992362e-06,7.285957082103778e-08
2025-07-24 01:41:00,1.937578645083704e-06,5.807396519230679e-08
2025-07-24 01:42:00,1.7741155033945688e-06,4.488598293050927e-08
2025-07-24 01:43:00,1.6779578118075733e-06,3.8292668591566326e-08
2025-07-24 01:44:00,1.6145693280122941e-06,3.114752544775001e-08
2025-07-24 01:45:00,1.5602660141667002e-06,2.862351777821459e-08
2025-07-24 01:46:00,1.5208581771730678e-06,2.30332730666305e-08
2025-07-24 01:47:00,1.5003705584604177e-06,2.40019133457281e-08
2025-07-24 01:48:00,1.4805759747105185e-06,2.2611315486642525e-08
2025-07-24 01:49:00,1.461764895793749e-06,1.8772153609347697e-08
2025-07-24 01:50:00,1.4406958825929905e-06,1.8814178659454228e-08
2025-07-24 01:51:00,1.4122812217465253e-06,1.7106520644460943e-08
2025-07-24 01:52:00,1.384911229251884e-06,1.8316747230073815e-08
2025-07-24 01:53:00,1.3609981124318438e-06,1.4234049494632472e-08
2025-07-24 01:54:00,1.3362030131247593e-06,1.4958040139845252e-08
2025-07-24 01:55:00,1.315213580710406e-06,1.313113173750935e-08
2025-07-24 01:56:00,1.2959068271811702e-06,1.0392509963708108e-08
2025-07-24 01:57:00,1.2808585552193108e-06,1.1073707284481316e-08
2025-07-24 01:58:00,1.2681445014095516e-06,8.661470651816217e-09
2025-07-24 01:59:00,1.250881609848875e-06,7.701284943095743e-09
2025-07-24 02:00:00,1.2277165524210432e-06,9.183437121862426e-09
2025-07-24 02:01:00,1.2061470897606341e-06,6.209110559041164e-09
2025-07-24 02:02:00,1.186152417176345e-06,5.783407974746524e-09
2025-07-24 02:03:00,1.170042537523841e-06,5.556892279656722e-09
2025-07-24 02:04:00,1.1602402310018078e-06,5.125086577351112e-09
2025-07-24 02:05:00,1.1436596878411365e-06,1.5927785756986168e-09
2025-07-24 02:06:00,1.1248851023992756e-06,3.134053239151058e-09
2025-07-24 02:07:00,1.1159070254507242e-06,2.627378092867616e-09
2025-07-24 02:08:00,1.1148979410791071e-06,3.728742203890079e-09
2025-07-24 02:09:00,1.116957037083921e-06,6.679707453827177e-09
2025-07-24 02:10:00,1.1136563671243493e-06,3.129470682594615e-09
2025-07-24 02:11:00,1.1065180842706468e-06,3.367370382534318e-09
2025-07-24 02:12:00,1.1100491974502802e-06,6.922140194376425e-09
2025-07-24 02:13:00,1.1034496765205404e-06,3.1938593991753805e-09
2025-07-24 02:14:00,1.104884859159938e-06,3.971394768598202e-09
2025-07-24 02:15:00,1.1027790378648206e-06,1.496456514260558e-09
2025-07-24 02:16:00,1.0900057532126084e-06,3.0177218501847847e-09
2025-07-24 02:17:00,1.0777031320685637e-06,3.2913336500683954e-09
2025-07-24 02:18:00,1.0641119843057822e-06,2.449176195185032e-09
2025-07-24 02:19:00,1.0514927453186829e-06,9.999999717180685e-10
2025-07-24 02:20:00,1.0403991836938076e-06,2.7283892922724817e-09
2025-07-24 02:21:00,1.0336866580473725e-06,1.272441263466817e-09
2025-07-24 02:22:00,1.0311902087778435e-06,4.14475787025026e-09
2025-07-24 02:23:00,1.0245549901810591e-06,1.0008047723886193e-09
2025-07-24 02:24:00,1.0230891120954766e-06,2.7069972929893993e-09
2025-07-24 02:25:00,1.0174809403906693e-06,2.603526283451174e-09
2025-07-24 02:26:00,1.0128935628017643e-06,9.999999717180685e-10
2025-07-24 02:27:00,1.0056500059363316e-06,1.0735908828607421e-09
2025-07-24 02:28:00,9.9783505902451e-07,9.999999717180685e-10
2025-07-24 02:29:00,9.954412689694436e-07,9.999999717180685e-10
2025-07-24 02:30:00,9.952800610335544e-07,9.999999717180685e-10
2025-07-24 02:31:00,9.949793593477807e-07,9.999999717180685e-10
2025-07-24 02:32:00,9.998902896768413e-07,9.999999717180685e-10
2025-07-24 02:33:00,9.969861594072427e-07,9.999999717180685e-10
2025-07-24 02:34:00,1.0025780738942558e-06,1.166887697579e-09
2025-07-24 02:35:00,1.0075727914227173e-06,1.5817501752835028e-09
2025-07-24 02:36:00,1.014033045976248e-06,1.879294275752841e-09
2025-07-24 02:37:00,1.0330332997909863e-06,2.946729082964339e-09
2025-07-24 02:38:00,1.0798427183544845e-06,2.7115583112191644e-09
2025-07-24 02:39:00,1.0853354979190044e-06,5.0145620988928385e-09
2025-07-24 02:40:00,1.0715239113778807e-06,2.3886534972206164e-09
2025-07-24 02:41:00,1.0677114232748863e-06,2.932594611593231e-09
2025-07-24 02:42:00,1.0705390423026984e-06,2.7463029628194136e-09
2025-07-24 02:43:00,1.0749165539891692e-06,3.788994451525696e-09
2025-07-24 02:44:00,1.0806741101987427e-06,9.999999717180685e-10
2025-07-24 02:45:00,1.1116188716187025e-06,4.579686851968745e-09
2025-07-24 02:46:00,1.1431458233346348e-06,7.144338454168064e-09
2025-07-24 02:47:00,1.1431047823862173e-06,5.2712225695472625e-09
2025-07-24 02:48:00,1.1267787840552046e-06,5.789206003470326e-09
2025-07-24 02:49:00,1.1117429039586568e-06,5.008498948910756e-09
2025-07-24 02:50:00,1.0984036862282665e-06,3.676820181652829e-09
2025-07-24 02:51:00,1.089713123292313e-06,1.8078518682074218e-09
2025-07-24 02:52:00,1.0843135669347248e-06,3.435623119329989e-09
2025-07-24 02:53:00,1.078958803191199e-06,2.0918753396159673e-09
2025-07-24 02:54:00,1.0609493301672046e-06,3.360691946951988e-09
2025-07-24 02:55:00,1.0484366157470504e-06,4.1201841938232064e-09
2025-07-24 02:56:00,1.0472640497027896e-06,3.2213638423428392e-09
2025-07-24 02:57:00,1.0307013553756406e-06,9.999999717180685e-10
2025-07-24 02:58:00,1.014919234876288e-06,9.999999717180685e-10
2025-07-24 02:59:00,1.0080035508508445e-06,9.999999717180685e-10
2025-07-24 03:00:00,1.0041497944257571e-06,9.999999717180685e-10
2025-07-24 03:01:00,1.0000273960031336e-06,9.999999717180685e-10
2025-07-24 03:02:00,9.93992557596357e-07,9.999999717180685e-10
2025-07-24 03:03:00,9.852317361946916e-07,9.999999717180685e-10
2025-07-24 03:04:00,9.918381920215324e-07,1.0298861763402556e-09
2025-07-24 03:05:00,1.0099125802298659e-06,2.0279589119098773e-09
2025-07-24 03:06:00,1.0156003327210783e-06,9.999999717180685e-10
2025-07-24 03:07:00,9.980374215956545e-07,9.999999717180685e-10
2025-07-24 03:08:00,9.93813728200621e-07,9.999999717180685e-10
2025-07-24 03:09:00,9.855734788288828e-07,9.999999717180685e-10
2025-07-24 03:10:00,9.792743185244035e-07,9.999999717180685e-10
2025-07-24 03:11:00,9.758598480402725e-07,9.999999717180685e-10
2025-07-24 03:12:00,9.701813041829155e-07,9.999999717180685e-10
2025-07-24 03:13:00,9.69384359450487e-07,9.999999717180685e-10
2025-07-24 03:14:00,9.691885907159303e-07,9.999999717180685e-10
2025-07-24 03:15:00,9.675305818745983e-07,9.999999717180685e-10
2025-07-24 03:16:00,9.668329994383384e-07,9.999999717180685e-10
2025-07-24 03:17:00,9.74077465798473e-07,9.999999717180685e-10
2025-07-24 03:18:00,9.921043329086388e-07,1.2025201945320418e-09
2025-07-24 03:19:00,1.006193770081154e-06,2.703016921401513e-09
2025-07-24 03:20:00,1.0376365935371723e-06,3.5896643435506803e-09
2025-07-24 03:21:00,1.074300371328718e-06,9.020706848161808e-09
2025-07-24 03:22:00,1.0925210744971992e-06,9.009204937626691e-09
2025-07-24 03:23:00,1.0950908517770586e-06,7.835681437029507e-09
2025-07-24 03:24:00,1.0979039188896422e-06,7.213922348370261e-09
2025-07-24 03:25:00,1.083222286979435e-06,2.7217590403694203e-09
2025-07-24 03:26:00,1.0630263886923785e-06,9.999999717180685e-10
2025-07-24 03:27:00,1.0580230309642502e-06,2.4393305153580513e-09
2025-07-24 03:28:00,1.051988078870636e-06,9.999999717180685e-10
2025-07-24 03:29:00,1.044786245074647e-06,9.999999717180685e-10
2025-07-24 03:30:00,1.0482704055903014e-06,9.999999717180685e-10
2025-07-24 03:31:00,1.052244101629185e-06,9.999999717180685e-10
2025-07-24 03:32:00,1.0617081898089964e-06,9.999999717180685e-10
2025-07-24 03:33:00,1.0687771236916888e-06,1.7590207068707286e-09
2025-07-24 03:34:00,1.0770979770313716e-06,3.006498161539639e-09
2025-07-24 03:35:00,1.06297841284686e-06,1.2261239801247825e-09
2025-07-24 03:36:00,1.0526471214689082e-06,9.999999717180685e-10
2025-07-24 03:37:00,1.05757794699457e-06,2.7271718217036778e-09
2025-07-24 03:38:00,1.078335571946809e-06,4.411357057421128e-09
2025-07-24 03:39:00,1.095160087061231e-06,4.756973481789828e-09
2025-07-24 03:40:00,1.1015069958375534e-06,1.6655772316909179e-09
2025-07-24 03:41:00,1.0990582950398675e-06,3.4040130714174666e-09
2025-07-24 03:42:00,1.0940842685158714e-06,2.3436133034238082e-09
2025-07-24 03:43:00,1.095989091481897e-06,9.999999717180685e-10
2025-07-24 03:44:00,1.0935644922938081e-06,9.999999717180685e-10
2025-07-24 03:45:00,1.0896534377025091e-06,1.2030562102083309e-09
2025-07-24 03:46:00,1.0805982810779824e-06,9.999999717180685e-10
2025-07-24 03:47:00,1.0715889402490575e-06,1.0363945257552132e-09
2025-07-24 03:48:00,1.0649291652953252e-06,9.999999717180685e-10
2025-07-24 03:49:00,1.0587627912173048e-06,9.999999717180685e-10
2025-07-24 03:50:00,1.0603997679936583e-06,1.3879829507956742e-09
2025-07-24 03:51:00,1.0753234391813749e-06,2.4075819116120556e-09
2025-07-24 03:52:00,1.0737272759797634e-06,3.5015492727552555e-09
2025-07-24 03:53:00,1.0742376161942957e-06,3.955261895782769e-09
2025-07-24 03:54:00,1.071576889444259e-06,9.999999717180685e-10
2025-07-24 03:55:00,1.0599660527077504e-06,9.999999717180685e-10
2025-07-24 03:56:00,1.0595856565487338e-06,1.7876036206843082e-09
2025-07-24 03:57:00,1.0595821322567645e-06,9.999999717180685e-10
2025-07-24 03:58:00,1.0586783218968776e-06,1.7753085668203994e-09
2025-07-24 03:59:00,1.0728597317211097e-06,3.416010141421566e-09
2025-07-24 04:00:00,1.0798163430081331e-06,2.636284968104974e-09
2025-07-24 04:01:00,1.0799855090226629e-06,3.794538461221464e-09
2025-07-24 04:02:00,1.08589108549495e-06,5.0519020078354515e-09
2025-07-24 04:03:00,1.0934976444332278e-06,3.167382134350305e-09
2025-07-24 04:04:00,1.0990521559506305e-06,7.294372217359069e-09
2025-07-24 04:05:00,1.092773914024292e-06,4.557494825974118e-09
2025-07-24 04:06:00,1.0851127854039078e-06,2.0570372072370446e-09
2025-07-24 04:07:00,1.0896088724621222e-06,1.083338863061556e-09
2025-07-24 04:08:00,1.0905819181061815e-06,3.073077570192595e-09
2025-07-24 04:09:00,1.0825580147866276e-06,2.9395945677634927e-09
2025-07-24 04:10:00,1.074683041224489e-06,3.5081193505703823e-09
2025-07-24 04:11:00,1.0723459809014457e-06,4.665102970591306e-09
2025-07-24 04:12:00,1.0685921552067157e-06,4.126987640518109e-09
2025-07-24 04:13:00,1.0664758747225278e-06,3.449464269777991e-09
2025-07-24 04:14:00,1.0656016229404486e-06,1.7833757803842332e-09
2025-07-24 04:15:00,1.0787192650241195e-06,2.56060705972061e-09
2025-07-24 04:16:00,1.0836587307494483e-06,9.999999717180685e-10
2025-07-24 04:17:00,1.0975236364174634e-06,9.999999717180685e-10
2025-07-24 04:18:00,1.1182762591488427e-06,3.2419857909360417e-09
2025-07-24 04:19:00,1.1143918072775705e-06,4.368402084509171e-09
2025-07-24 04:20:00,1.1004999578290153e-06,3.823434902017198e-09
2025-07-24 04:21:00,1.087468262994662e-06,4.299900435711379e-09
2025-07-24 04:22:00,1.0729149835242424e-06,5.313838258302894e-09
2025-07-24 04:23:00,1.0611845482344506e-06,3.3936504717502203e-09
2025-07-24 04:24:00,1.0585848713162704e-06,2.9979012605707567e-09
2025-07-24 04:25:00,1.0868745903280796e-06,6.262801388601247e-09
2025-07-24 04:26:00,1.1615726407399052e-06,1.722805542669903e-08
2025-07-24 04:27:00,1.2536171425381326e-06,2.716147662340518e-08
2025-07-24 04:28:00,1.2956003274666728e-06,2.564486401013255e-08
2025-07-24 04:29:00,1.3040880730841309e-06,2.2438985780581788e-08
2025-07-24 04:30:00,1.2991272342333104e-06,1.951810979505808e-08
2025-07-24 04:31:00,1.2800292097381316e-06,1.262486470920976e-08
2025-07-24 04:32:00,1.2494820111896843e-06,1.107526248489421e-08
2025-07-24 04:33:00,1.2313424804233364e-06,7.989149786169492e-09
2025-07-24 04:34:00,1.2088548828614876e-06,6.049468037616634e-09
2025-07-24 04:35:00,1.1843370657516061e-06,3.2949702966078576e-09
2025-07-24 04:36:00,1.157135216089955e-06,2.670944354576932e-09
2025-07-24 04:37:00,1.1388758593966486e-06,3.4394869175002896e-09
2025-07-24 04:38:00,1.1260976862104144e-06,9.999999717180685e-10
2025-07-24 04:39:00,1.121392870118143e-06,9.999999717180685e-10
2025-07-24 04:40:00,1.1240953199376236e-06,1.3033909507242925e-09
2025-07-24 04:41:00,1.1490493534438428e-06,2.7440638650233495e-09
2025-07-24 04:42:00,1.1728586741810432e-06,2.8721363065642436e-09
2025-07-24 04:43:00,1.220694116454979e-06,4.8799972951485415e-09
2025-07-24 04:44:00,1.2833517075705458e-06,8.728149758496784e-09
2025-07-24 04:45:00,1.3034286894253455e-06,8.138416163205875e-09
2025-07-24 04:46:00,1.2663019788305974e-06,5.297052130259772e-09
2025-07-24 04:47:00,1.2285837556191836e-06,2.8723237122108003e-09
2025-07-24 04:48:00,1.2052837519149762e-06,2.0886550267107395e-09
2025-07-24 04:49:00,1.1673216704366496e-06,9.999999717180685e-10
2025-07-24 04:50:00,1.1398326478229137e-06,9.999999717180685e-10
2025-07-24 04:51:00,1.1263140322625986e-06,9.999999717180685e-10
2025-07-24 04:52:00,1.1096917660324834e-06,9.999999717180685e-10
2025-07-24 04:53:00,1.0969692993967328e-06,9.999999717180685e-10
2025-07-24 04:54:00,1.091496528715652e-06,9.999999717180685e-10
2025-07-24 04:55:00,1.0974099495797418e-06,9.999999717180685e-10
2025-07-24 04:56:00,1.0899897233684896e-06,9.999999717180685e-10
2025-07-24 04:57:00,1.0878285365834017e-06,9.999999717180685e-10
2025-07-24 04:58:00,1.0874468898691703e-06,9.999999717180685e-10
2025-07-24 04:59:00,1.0849654472622206e-06,9.999999717180685e-10
2025-07-24 05:00:00,1.0767521416710224e-06,9.999999717180685e-10
2025-07-24 05:01:00,1.0740337756942608e-06,9.999999717180685e-10
2025-07-24 05:02:00,1.0755121593319927e-06,9.999999717180685e-10
2025-07-24 05:03:00,1.0795081379910698e-06,9.999999717180685e-10
2025-07-24 05:04:00,1.076593889592914e-06,9.999999717180685e-10
2025-07-24 05:05:00,1.0766792684080428e-06,9.999999717180685e-10
2025-07-24 05:06:00,1.0895067816818482e-06,9.999999717180685e-10
2025-07-24 05:07:00,1.09456834707089e-06,9.999999717180685e-10
2025-07-24 05:08:00,1.0971000392601127e-06,9.999999717180685e-10
2025-07-24 05:09:00,1.1053791695303516e-06,9.999999717180685e-10
2025-07-24 05:10:00,1.1276695204287535e-06,1.7629333548541126e-09
2025-07-24 05:11:00,1.1778220141422935e-06,4.663329722376375e-09
2025-07-24 05:12:00,1.2411625220920541e-06,9.134648593089878e-09
2025-07-24 05:13:00,1.2680064855885576e-06,9.618491780827298e-09
2025-07-24 05:14:00,1.2932633808304672e-06,1.2200356280800406e-08
2025-07-24 05:15:00,1.3319717027115985e-06,1.4018174177010678e-08
2025-07-24 05:16:00,1.3514984402718255e-06,1.6371037858675663e-08
2025-07-24 05:17:00,1.3399177305473131e-06,1.3277684729473549e-08
2025-07-24 05:18:00,1.304919123867876e-06,8.982008026237054e-09
2025-07-24 05:19:00,1.2806690392608289e-06,5.918500800561333e-09
2025-07-24 05:20:00,1.271609448849631e-06,7.685022396231034e-09
2025-07-24 05:21:00,1.2736797998513794e-06,8.20056911265965e-09
2025-07-24 05:22:00,1.2759908258885844e-06,8.078795410426665e-09
2025-07-24 05:23:00,1.2746229458571179e-06,8.138083096298487e-09
2025-07-24 05:24:00,1.2807297480321722e-06,7.687233960496087e-09
2025-07-24 05:25:00,1.2914360922877677e-06,8.777109705704333e-09
2025-07-24 05:26:00,1.3193265431254986e-06,1.147437078685698e-08
2025-07-24 05:27:00,1.3802288094666437e-06,1.6277596159852692e-08
2025-07-24 05:28:00,1.5057090649861493e-06,2.5554133031846504e-08
2025-07-24 05:29:00,1.7336454902761034e-06,4.8762089477349946e-08
2025-07-24 05:30:00,2.0407114789122716e-06,7.98019357262092e-08
2025-07-24 05:31:00,2.3559091459901538e-06,1.1202892125083963e-07
2025-07-24 05:32:00,2.6500263174966676e-06,1.3761592754235608e-07
2025-07-24 05:33:00,3.0086237075011013e-06,1.6906609801026207e-07
2025-07-24 05:34:00,3.4338258956267964e-06,2.069058524512002e-07
2025-07-24 05:35:00,3.7973632061039098e-06,2.385726531883847e-07
2025-07-24 05:36:00,4.138820713706082e-06,2.683857758256636e-07
2025-07-24 05:37:00,4.506035111262463e-06,2.9625050501635997e-07
2025-07-24 05:38:00,4.9085597311204765e-06,3.2505144531569385e-07
2025-07-24 05:39:00,5.404923285823315e-06,3.701994160110189e-07
2025-07-24 05:40:00,5.929203780397074e-06,4.2284347046006587e-07
2025-07-24 05:41:00,6.332231805572519e-06,4.5120373215468135e-07
2025-07-24 05:42:00,6.7381170083535835e-06,4.946431317875977e-07
2025-07-24 05:43:00,7.363786153291585e-06,5.889971248507209e-07
2025-07-24 05:44:00,7.824489330232609e-06,6.646288284173352e-07
2025-07-24 05:45:00,8.136862561514135e-06,6.939697527741373e-07
2025-07-24 05:46:00,8.11452446214389e-06,6.378277248586528e-07
2025-07-24 05:47:00,7.80089249019511e-06,5.445305077955709e-07
2025-07-24 05:48:00,7.344527602981543e-06,4.5215338673187944e-07
2025-07-24 05:49:00,6.887806193844881e-06,3.7922842466286966e-07
2025-07-24 05:50:00,6.3957222664612345e-06,3.166417457123316e-07
2025-07-24 05:51:00,5.957617304375162e-06,2.7114211320622417e-07
2025-07-24 05:52:00,5.541393420571694e-06,2.3523811876202672e-07
2025-07-24 05:53:00,5.17270518685109e-06,2.037651114505934e-07
2025-07-24 05:54:00,4.858240572502837e-06,1.818329877778524e-07
2025-07-24 05:55:00,4.58636759503861e-06,1.6224093712935428e-07
2025-07-24 05:56:00,4.339282895671204e-06,1.4847826435016032e-07
2025-07-24 05:57:00,4.12886265621637e-06,1.3686630495612917e-07
2025-07-24 05:58:00,3.9326200749201234e-06,1.2485007516715996e-07
2025-07-24 05:59:00,3.7510005768126575e-06,1.1685099110536612e-07
2025-07-24 06:00:00,3.5908169593312778e-06,1.0650125403799393e-07
2025-07-24 06:01:00,3.460543666733429e-06,1.0135092054497363e-07
2025-07-24 06:02:00,3.346791345393285e-06,9.850099758068609e-08
2025-07-24 06:03:00,3.2335767627955647e-06,9.142287638042035e-08
2025-07-24 06:04:00,3.1307006338465726e-06,8.725459110792144e-08
2025-07-24 06:05:00,3.0455826163233723e-06,8.206596646687103e-08
2025-07-24 06:06:00,2.946808763226727e-06,7.65458452178791e-08
2025-07-24 06:07:00,2.849618567779544e-06,7.261290591031866e-08
2025-07-24 06:08:00,2.761381892923964e-06,6.704920707534257e-08
2025-07-24 06:09:00,2.684988885448547e-06,6.198352053843337e-08
2025-07-24 06:10:00,2.6131888262170833e-06,5.88350488328615e-08
2025-07-24 06:11:00,2.5428723802178865e-06,5.599501662345574e-08
2025-07-24 06:12:00,2.472051846780232e-06,5.154977955612594e-08
2025-07-24 06:13:00,2.4062014745140914e-06,4.9562643766876135e-08
2025-07-24 06:14:00,2.3437557956640376e-06,4.273040588032018e-08
2025-07-24 06:15:00,2.2831084152130643e-06,4.226228611514671e-08
2025-07-24 06:16:00,2.220526994278771e-06,3.8917079336897586e-08
2025-07-24 06:17:00,2.145228336303262e-06,3.656102620652746e-08
2025-07-24 06:18:00,2.0904647044517333e-06,3.158463357522123e-08
2025-07-24 06:19:00,2.096658363370807e-06,3.4629479728209844e-08
2025-07-24 06:20:00,2.101965719703003e-06,3.529243031152873e-08
2025-07-24 06:21:00,2.0589129690051777e-06,3.2147791984016294e-08
2025-07-24 06:22:00,1.9760002487601014e-06,2.5500494160723974e-08
2025-07-24 06:23:00,1.8969939219459775e-06,2.1760950374982713e-08
2025-07-24 06:24:00,1.8320029084861744e-06,2.105808327712566e-08
2025-07-24 06:25:00,1.780170919118973e-06,1.8504167087485257e-08
2025-07-24 06:26:00,1.737862589834549e-06,1.5494213911892984e-08
2025-07-24 06:27:00,1.7010762576319394e-06,1.5596954838770216e-08
2025-07-24 06:28:00,1.6664654367559706e-06,1.439938657199491e-08
2025-07-24 06:29:00,1.6472143897772185e-06,1.270269933684176e-08
2025-07-24 06:30:00,1.6069296862042393e-06,1.0181730125680133e-08
2025-07-24 06:31:00,1.5708330920460867e-06,8.637718984516596e-09
2025-07-24 06:32:00,1.5541191942247679e-06,9.648775112225394e-09
2025-07-24 06:33:00,1.551512013975298e-06,1.1106567221474961e-08
2025-07-24 06:34:00,1.5445860981344595e-06,7.847036798125373e-09
2025-07-24 06:35:00,1.5313180483644828e-06,8.646271254519888e-09
2025-07-24 06:36:00,1.5178521834968706e-06,1.1319746917592965e-08
2025-07-24 06:37:00,1.5052106618895778e-06,1.259112991647271e-08
2025-07-24 06:38:00,1.4937270407244796e-06,1.4276830384574168e-08
2025-07-24 06:39:00,1.478547346778214e-06,1.2357672218854532e-08
2025-07-24 06:40:00,1.460927705920767e-06,9.665071409870052e-09
2025-07-24 06:41:00,1.445247903575364e-06,9.070826756385486e-09
2025-07-24 06:42:00,1.4375767705132603e-06,1.0491915780619365e-08
2025-07-24 06:43:00,1.4292131709225941e-06,1.026422413730188e-08
2025-07-24 06:44:00,1.4126138694336987e-06,1.0241061332294521e-08
2025-07-24 06:45:00,1.4014516409588396e-06,1.0430755814638815e-08
2025-07-24 06:46:00,1.3988237697049044e-06,1.1190731008525745e-08
2025-07-24 06:47:00,1.3886725582779036e-06,9.158508618156702e-09
2025-07-24 06:48:00,1.3906727645007777e-06,1.0977013964463822e-08
2025-07-24 06:49:00,1.387076054015779e-06,9.815459556250516e-09
2025-07-24 06:50:00,1.3787800980935572e-06,9.602064920954945e-09
2025-07-24 06:51:00,1.371518351334089e-06,6.7957155458486795e-09
2025-07-24 06:52:00,1.3748557421422447e-06,8.327726952472858e-09
2025-07-24 06:53:00,1.3689240176972817e-06,9.637874498480414e-09
2025-07-24 06:54:00,1.3700388308279798e-06,1.0599470634531372e-08
2025-07-24 06:55:00,1.4087385125094443e-06,1.3584847913250542e-08
2025-07-24 06:56:00,1.4204441640686127e-06,1.5805953879066692e-08
2025-07-24 06:57:00,1.397331743646646e-06,1.4442817608539826e-08
2025-07-24 06:58:00,1.3872220279154135e-06,8.819458052755635e-09
2025-07-24 06:59:00,1.4110265738054295e-06,1.2237521218594338e-08
2025-07-24 07:00:00,1.4542288226948585e-06,1.7746387470651825e-08
2025-07-24 07:01:00,1.5004162605691818e-06,2.5606016862411707e-08
2025-07-24 07:02:00,1.451057983103965e-06,1.776819935628282e-08
2025-07-24 07:03:00,1.3853226619175985e-06,1.0911184844530908e-08
2025-07-24 07:04:00,1.352702156509622e-06,8.891375635755594e-09
2025-07-24 07:05:00,1.3381763892539311e-06,8.30417512531767e-09
2025-07-24 07:06:00,1.3177099162930972e-06,7.545605917869125e-09
2025-07-24 07:07:00,1.2925654573336942e-06,4.214668170021696e-09
2025-07-24 07:08:00,1.2781347322743386e-06,3.6705136707837482e-09
2025-07-24 07:09:00,1.273243356081366e-06,4.8225734516904595e-09
2025-07-24 07:10:00,1.2698898217422538e-06,5.61986635005951e-09
2025-07-24 07:11:00,1.261776446881413e-06,3.570081119619317e-09
2025-07-24 07:12:00,1.2421870678736013e-06,2.828127732001917e-09
2025-07-24 07:13:00,1.2196145462439745e-06,3.0405720163884098e-09
2025-07-24 07:14:00,1.2056951845806907e-06,3.890477717760632e-09
2025-07-24 07:15:00,1.2007308214379009e-06,3.0023976638204886e-09
2025-07-24 07:16:00,1.196519178847666e-06,9.999999717180685e-10
2025-07-24 07:17:00,1.192420199913613e-06,9.999999717180685e-10
2025-07-24 07:18:00,1.1912213722098386e-06,3.873016574118537e-09
2025-07-24 07:19:00,1.1915210507140728e-06,2.7603268559772687e-09
2025-07-24 07:20:00,1.1915241202586913e-06,4.399606456928495e-09
2025-07-24 07:21:00,1.1957727110711858e-06,3.8429535109685276e-09
2025-07-24 07:22:00,1.2009093097731238e-06,4.97934093957042e-09
2025-07-24 07:23:00,1.19434491807624e-06,3.403261894519005e-09
2025-07-24 07:24:00,1.192313220599317e-06,3.6556002669385634e-09
2025-07-24 07:25:00,1.1884485502378084e-06,4.113320795084974e-09
2025-07-24 07:26:00,1.1900635854544817e-06,2.0854449278573384e-09
2025-07-24 07:27:00,1.1942122455366189e-06,3.347070176573652e-09
2025-07-24 07:28:00,1.203203964905697e-06,3.773616530367008e-09
2025-07-24 07:29:00,1.2109287581552053e-06,5.546803016898139e-09
2025-07-24 07:30:00,1.217627186633763e-06,5.053526930254293e-09
2025-07-24 07:31:00,1.2235603890076163e-06,5.582266204839925e-09
2025-07-24 07:32:00,1.229824647452915e-06,4.753065940832357e-09
2025-07-24 07:33:00,1.2305484915486886e-06,8.54473647393661e-09
2025-07-24 07:34:00,1.2490860399338999e-06,1.062062171541811e-08
2025-07-24 07:35:00,1.2660335642067366e-06,1.0747110756881284e-08
2025-07-24 07:36:00,1.2921825600642478e-06,1.1854543124911743e-08
2025-07-24 07:37:00,1.3393088238444761e-06,1.6165031979653577e-08
2025-07-24 07:38:00,1.3871003829990514e-06,1.8877774010661597e-08
2025-07-24 07:39:00,1.4143139424049878e-06,1.9572857112848396e-08
2025-07-24 07:40:00,1.4253847666623187e-06,1.7307472788274936e-08
2025-07-24 07:41:00,1.430625388820772e-06,1.679153527334165e-08
2025-07-24 07:42:00,1.4235622529668035e-06,1.620542100511102e-08
2025-07-24 07:43:00,1.4174667057886836e-06,1.3712771362861531e-08
2025-07-24 07:44:00,1.4060242392588407e-06,1.2816218308842053e-08
2025-07-24 07:45:00,1.41411373988376e-06,1.505332569706752e-08
2025-07-24 07:46:00,1.4113643374003004e-06,1.4028601391657958e-08
2025-07-24 07:47:00,1.3919359389547026e-06,1.2525573467314643e-08
2025-07-24 07:48:00,1.3768789131063386e-06,1.197909860195523e-08
2025-07-24 07:49:00,1.3614992440125206e-06,1.2170203511630007e-08
2025-07-24 07:50:00,1.3508571328202379e-06,1.1920400666554087e-08
2025-07-24 07:51:00,1.3472113096213434e-06,1.0462263944077677e-08
2025-07-24 07:52:00,1.3362563322516507e-06,1.1276972244900207e-08
2025-07-24 07:53:00,1.3279363884066697e-06,1.0242262149517956e-08
2025-07-24 07:54:00,1.3242095064924797e-06,1.3519954045193572e-08
2025-07-24 07:55:00,1.3252301869215444e-06,1.4376306367580582e-08
2025-07-24 07:56:00,1.3272001524455845e-06,1.4360694855497513e-08
2025-07-24 07:57:00,1.3330693491298007e-06,1.6681145353913962e-08
2025-07-24 07:58:00,1.3341223166207783e-06,1.497649826376346e-08
2025-07-24 07:59:00,1.3268758038975648e-06,1.6662177415582846e-08
2025-07-24 08:00:00,1.3206063158577308e-06,1.6179161121954166e-08
2025-07-24 08:01:00,1.3144619970262283e-06,1.3712575963609197e-08
2025-07-24 08:02:00,1.3072624369669938e-06,1.2875758237385071e-08
2025-07-24 08:03:00,1.3019590596741182e-06,1.1575747471681552e-08
2025-07-24 08:04:00,1.2924385828227969e-06,1.0773033132238652e-08
2025-07-24 08:05:00,1.2803114941561944e-06,1.310681341237796e-08
2025-07-24 08:06:00,1.2724511861961219e-06,1.2903941026820576e-08
2025-07-24 08:07:00,1.263146941710147e-06,1.3415211164158336e-08
2025-07-24 08:08:00,1.256074597222323e-06,1.1808610089758531e-08
2025-07-24 08:09:00,1.2617070979104028e-06,1.3312032365320192e-08
2025-07-24 08:10:00,1.2783337979271892e-06,1.530383997305762e-08
2025-07-24 08:11:00,1.2927814623253653e-06,1.7504016014413537e-08
2025-07-24 08:12:00,1.297082235396374e-06,1.5915624373974424e-08
2025-07-24 08:13:00,1.2929998547406285e-06,1.5044170353917252e-08
2025-07-24 08:14:00,1.2821820973840659e-06,1.5517619189608922e-08
2025-07-24 08:15:00,1.259388227481395e-06,1.1519377451918444e-08
2025-07-24 08:16:00,1.2486079867812805e-06,1.1604795346897845e-08
2025-07-24 08:17:00,1.2376061704344465e-06,1.1338605609978458e-08
2025-07-24 08:18:00,1.226408130605705e-06,1.6443330252968735e-08
2025-07-24 08:19:00,1.21829896215786e-06,1.6270174540977678e-08
2025-07-24 08:20:00,1.213185555570817e-06,1.5495814409405284e-08
2025-07-24 08:21:00,1.202913608722156e-06,1.402427241004034e-08
2025-07-24 08:22:00,1.1957865808653878e-06,1.1943102506961623e-08
2025-07-24 08:23:00,1.2265062423466588e-06,1.5193947433544963e-08
2025-07-24 08:24:00,1.301398810937826e-06,2.4502412543370156e-08
2025-07-24 08:25:00,1.3141985846232274e-06,2.5105585166329547e-08
2025-07-24 08:26:00,1.3008240102863056e-06,2.1627844404292773e-08
2025-07-24 08:27:00,1.2844943739764858e-06,1.990810005736421e-08
2025-07-24 08:28:00,1.2610408930413541e-06,1.3742832649654702e-08
2025-07-24 08:29:00,1.2333900940575404e-06,1.116885961494063e-08
2025-07-24 08:30:00,1.209049059980316e-06,9.221205132803334e-09
2025-07-24 08:31:00,1.1931197150261141e-06,8.583302069098409e-09
2025-07-24 08:32:00,1.183290464723541e-06,1.026464246933756e-08
2025-07-24 08:33:00,1.1808800763901672e-06,9.45428535459314e-09
2025-07-24 08:34:00,1.175302486444707e-06,4.416929488826327e-09
2025-07-24 08:35:00,1.1629442724370165e-06,8.327673661767676e-09
2025-07-24 08:36:00,1.1485116147014196e-06,9.261920119740807e-09
2025-07-24 08:37:00,1.1357265066180844e-06,5.071072006757049e-09
2025-07-24 08:38:00,1.1259297707510996e-06,4.186633262293071e-09
2025-07-24 08:39:00,1.115036411647452e-06,1.811391037165322e-09
2025-07-24 08:40:00,1.1098803724962636e-06,2.2564845547634604e-09
2025-07-24 08:41:00,1.1057085202992312e-06,2.5227506750269413e-09
2025-07-24 08:42:00,1.1004937050529406e-06,5.717528228643687e-09
2025-07-24 08:43:00,1.0996533319485025e-06,5.73872505071904e-09
2025-07-24 08:44:00,1.0903498832703917e-06,4.829450173104988e-09
2025-07-24 08:45:00,1.0869506468225154e-06,8.010196950181125e-09
2025-07-24 08:46:00,1.0828363201653701e-06,8.869430523361643e-09
2025-07-24 08:47:00,1.081534833247133e-06,4.748635706874893e-09
2025-07-24 08:48:00,1.0896860658249352e-06,6.9900027988012425e-09
2025-07-24 08:49:00,1.0925326705546468e-06,5.812264891602581e-09
2025-07-24 08:50:00,1.1030582527382649e-06,1.1417359502274849e-08
2025-07-24 08:51:00,1.0998808193107834e-06,9.27465038103037e-09
2025-07-24 08:52:00,1.0905065437327721e-06,1.2620130718232758e-08
2025-07-24 08:53:00,1.0852087370949448e-06,8.307365462201233e-09
2025-07-24 08:54:00,1.0821379419212462e-06,5.922255574830615e-09
2025-07-24 08:55:00,1.084007180907065e-06,8.11026534819348e-09
2025-07-24 08:56:00,1.0839706874321564e-06,5.6892202060510044e-09
2025-07-24 08:57:00,1.0890056501011713e-06,8.64093419039591e-09
2025-07-24 08:58:00,1.0858323093998479e-06,4.2108725395451074e-09
2025-07-24 08:59:00,1.076769081009843e-06,6.17423268067796e-09
2025-07-24 09:00:00,1.067915377461759e-06,4.423632127270594e-09
2025-07-24 09:01:00,1.0638732419465668e-06,1.6875332242705099e-09
2025-07-24 09:02:00,1.0676003512344323e-06,3.4407543481052016e-09
2025-07-24 09:03:00,1.0764778153316001e-06,5.151383319912384e-09
2025-07-24 09:04:00,1.0839556807695772e-06,4.916466789239848e-09
2025-07-24 09:05:00,1.0836795354407514e-06,7.335797747032302e-09
2025-07-24 09:06:00,1.0767638514153077e-06,7.176151672894093e-09
2025-07-24 09:07:00,1.0768751508294372e-06,7.681748570576019e-09
2025-07-24 09:08:00,1.0676859574232367e-06,5.8516880230286006e-09
2025-07-24 09:09:00,1.0668934464774793e-06,5.795124380369998e-09
2025-07-24 09:10:00,1.0722582146627246e-06,5.7896349936470415e-09
2025-07-24 09:11:00,1.0729597761383047e-06,6.632284499374919e-09
2025-07-24 09:12:00,1.1008601177309174e-06,9.922293209285726e-09
2025-07-24 09:13:00,1.1342369816702558e-06,9.607779460907295e-09
2025-07-24 09:14:00,1.1295211379547254e-06,1.3495179196354457e-08
2025-07-24 09:15:00,1.122692765420652e-06,1.385701775546977e-08
2025-07-24 09:16:00,1.1150880254717777e-06,1.3545278676474481e-08
2025-07-24 09:17:00,1.1107205182270263e-06,1.2165796370311455e-08
2025-07-24 09:18:00,1.111213578042225e-06,1.4851282870154137e-08
2025-07-24 09:19:00,1.1246544318055385e-06,1.7211153391372136e-08
2025-07-24 09:20:00,1.1491478062453098e-06,1.8962403203204303e-08
2025-07-24 09:21:00,1.1845164635815308e-06,1.8908998811184574e-08
2025-07-24 09:22:00,1.2301884453336243e-06,2.6853152590433638e-08
2025-07-24 09:23:00,1.2691328947767033e-06,3.0951213148000534e-08
2025-07-24 09:24:00,1.2997876410736353e-06,3.677925519696146e-08
2025-07-24 09:25:00,1.3158634146748227e-06,3.539269499697184e-08
2025-07-24 09:26:00,1.3177755135984626e-06,3.297392225931617e-08
2025-07-24 09:27:00,1.312384256380028e-06,2.9735529594177024e-08
2025-07-24 09:28:00,1.3033923096372746e-06,3.124968372958392e-08
2025-07-24 09:29:00,1.2880273061455227e-06,3.172321783040388e-08
2025-07-24 09:30:00,1.2743629440592485e-06,2.6924391605120945e-08
2025-07-24 09:31:00,1.2577203278851812e-06,2.2662932863681817e-08
2025-07-24 09:32:00,1.2412853038767935e-06,2.0141213141755543e-08
2025-07-24 09:33:00,1.2205201755932649e-06,1.9313111110363934e-08
2025-07-24 09:34:00,1.2050795703544281e-06,2.12078390404713e-08
2025-07-24 09:35:00,1.1897591321030632e-06,1.838293073319619e-08
2025-07-24 09:36:00,1.1869008176290663e-06,1.8716237448757056e-08
2025-07-24 09:37:00,1.184009192911617e-06,1.8408590207741327e-08
2025-07-24 09:38:00,1.1659194569801912e-06,1.8304790572187812e-08
2025-07-24 09:39:00,1.1613821015998838e-06,1.6827593540824637e-08
2025-07-24 09:40:00,1.1435796523073805e-06,1.620631095988756e-08
2025-07-24 09:41:00,1.1336146599205676e-06,1.5719113122258932e-08
2025-07-24 09:42:00,1.121612172028108e-06,1.2642106916871398e-08
2025-07-24 09:43:00,1.1275587894488126e-06,1.3162277490152974e-08
2025-07-24 09:44:00,1.1474163557068096e-06,1.482011668940686e-08
2025-07-24 09:45:00,1.1551271654752782e-06,1.4425180161481421e-08
2025-07-24 09:46:00,1.139668370342406e-06,1.3070307502971446e-08
2025-07-24 09:47:00,1.134365561483719e-06,1.2983803365784752e-08
2025-07-24 09:48:00,1.1183649348822655e-06,1.1023457702208361e-08
2025-07-24 09:49:00,1.0981684681610204e-06,1.0458805377311364e-08
2025-07-24 09:50:00,1.0790097348944983e-06,1.0364736624524085e-08
2025-07-24 09:51:00,1.0682366564651602e-06,1.3619723127078487e-08
2025-07-24 09:52:00,1.068877509169397e-06,1.9102520454339356e-08
2025-07-24 09:53:00,1.0749037073765066e-06,2.308092383884741e-08
2025-07-24 09:54:00,1.086515453607717e-06,2.16483186932237e-08
2025-07-24 09:55:00,1.098568873203476e-06,2.3179580921350862e-08
2025-07-24 09:56:00,1.1069057563872775e-06,2.620767425298709e-08
2025-07-24 09:57:00,1.1107889577033347e-06,2.686167732690592e-08
2025-07-24 09:58:00,1.1132721056128503e-06,2.585400515897618e-08
2025-07-24 09:59:00,1.1179213288414758e-06,2.75771920854595e-08
2025-07-24 10:00:00,1.1208658179384656e-06,2.5035127748651576e-08
2025-07-24 10:01:00,1.119692342399503e-06,2.5982766160836945e-08
2025-07-24 10:02:00,1.125153289649461e-06,2.508981822302303e-08
2025-07-24 10:03:00,1.1311448133710655e-06,2.6744142900270162e-08
2025-07-24 10:04:00,1.1322013051540125e-06,2.6094909344465123e-08
2025-07-24 10:05:00,1.1392545502530993e-06,2.5334427888878963e-08
2025-07-24 10:06:00,1.1498618732730392e-06,2.7502990107564074e-08
2025-07-24 10:07:00,1.1691233794408618e-06,3.0428441988306076e-08
2025-07-24 10:08:00,1.1786047480200068e-06,2.7399760682556007e-08
2025-07-24 10:09:00,1.1846354937006254e-06,2.9757323716239625e-08
2025-07-24 10:10:00,1.2025702744722366e-06,3.3123086495834286e-08
2025-07-24 10:11:00,1.2318432709435e-06,3.4744960686339255e-08
2025-07-24 10:12:00,1.270748157367052e-06,3.86733916002413e-08
2025-07-24 10:13:00,1.3401504475041293e-06,4.574573964077899e-08
2025-07-24 10:14:00,1.4469213738266262e-06,5.827950744219379e-08
2025-07-24 10:15:00,1.565079287502158e-06,7.132270241072547e-08
2025-07-24 10:16:00,1.647394697101845e-06,7.858876216459976e-08
2025-07-24 10:17:00,1.7023758118739352e-06,8.295926079426863e-08
2025-07-24 10:18:00,1.7575274569026078e-06,8.454863120732625e-08
2025-07-24 10:19:00,1.8023247321252711e-06,8.68635225970138e-08
2025-07-24 10:20:00,1.8459857074049069e-06,8.784306260167796e-08
2025-07-24 10:21:00,1.8937388404083322e-06,8.908035198373909e-08
2025-07-24 10:22:00,1.9522658476489596e-06,9.004850909377637e-08
2025-07-24 10:23:00,2.030113364526187e-06,9.851635951463322e-08
2025-07-24 10:24:00,2.0839922854065662e-06,1.0294964170043386e-07
2025-07-24 10:25:00,2.103214001181186e-06,1.0104056968884834e-07
2025-07-24 10:26:00,2.1132250367372762e-06,9.701276582063656e-08
2025-07-24 10:27:00,2.124322918461985e-06,9.268165257481087e-08
2025-07-24 10:28:00,2.125853143297718e-06,8.8340044612778e-08
2025-07-24 10:29:00,2.1250250483717537e-06,8.60542215264104e-08
2025-07-24 10:30:00,2.129363565472886e-06,8.044217736369319e-08
2025-07-24 10:31:00,2.126153731296654e-06,7.971414106577868e-08
2025-07-24 10:32:00,2.1229873254924314e-06,7.752542785510741e-08
2025-07-24 10:33:00,2.1299852051015478e-06,7.564592863218422e-08
2025-07-24 10:34:00,2.13633711609873e-06,7.203914265119238e-08
2025-07-24 10:35:00,2.1495329747267533e-06,7.419144054665594e-08
2025-07-24 10:36:00,2.180025376219419e-06,7.172830152057941e-08
2025-07-24 10:37:00,2.220129999841447e-06,7.453095207665683e-08
2025-07-24 10:38:00,2.270217237310135e-06,7.794532308480484e-08
2025-07-24 10:39:00,2.31872832046065e-06,8.080431967982804e-08
2025-07-24 10:40:00,2.3609306936123176e-06,8.419580410645722e-08
2025-07-24 10:41:00,2.4246846805908717e-06,9.197904660140921e-08
2025-07-24 10:42:00,2.4724563445488457e-06,9.643834175676602e-08
2025-07-24 10:43:00,2.508081706764642e-06,1.0153295448844801e-07
2025-07-24 10:44:00,2.5668823582236655e-06,1.0539653061414356e-07
2025-07-24 10:45:00,2.642426125021302e-06,1.1573405345188803e-07
2025-07-24 10:46:00,2.7349508400220657e-06,1.242938054701881e-07
2025-07-24 10:47:00,2.8884226139780367e-06,1.4490613864381885e-07
2025-07-24 10:48:00,3.0658904961455846e-06,1.6752731823999056e-07
2025-07-24 10:49:00,3.2231230306933867e-06,1.844260282268806e-07
2025-07-24 10:50:00,3.3764802083169343e-06,2.012279765040148e-07
2025-07-24 10:51:00,3.494052862151875e-06,2.0880160889191757e-07
2025-07-24 10:52:00,3.549544999259524e-06,2.0496469232966774e-07
2025-07-24 10:53:00,3.5622658742795466e-06,1.9739459844458906e-07
2025-07-24 10:54:00,3.5210332498536445e-06,1.867568641955586e-07
2025-07-24 10:55:00,3.4354445688222768e-06,1.6864198926214158e-07
2025-07-24 10:56:00,3.361290509928949e-06,1.58507930336782e-07
2025-07-24 10:57:00,3.2773202747193864e-06,1.4808725268267153e-07
2025-07-24 10:58:00,3.1774961826158687e-06,1.3269573173602112e-07
2025-07-24 10:59:00,3.066961880904273e-06,1.226991486191764e-07
2025-07-24 11:00:00,2.955430545625859e-06,1.0947064765787218e-07
2025-07-24 11:01:00,2.8496363029262284e-06,1.0255332227870895e-07
2025-07-24 11:02:00,2.7563880848902045e-06,9.519115451439575e-08
2025-07-24 11:03:00,2.6953146061714506e-06,9.760540109482463e-08
2025-07-24 11:04:00,2.6530765353527386e-06,9.47584410937452e-08
2025-07-24 11:05:00,2.5971344257413875e-06,9.166808467853116e-08
2025-07-24 11:06:00,2.5455403829255374e-06,8.805967866010178e-08
2025-07-24 11:07:00,2.5138663204415934e-06,8.9069004616249e-08
2025-07-24 11:08:00,2.4781195406831102e-06,8.346351876298286e-08
2025-07-24 11:09:00,2.4142968868545722e-06,7.604697316310194e-08
2025-07-24 11:10:00,2.3444422367902007e-06,7.451691175219821e-08
2025-07-24 11:11:00,2.274017560921493e-06,6.88592010078537e-08
2025-07-24 11:12:00,2.218414010712877e-06,6.415876185883462e-08
2025-07-24 11:13:00,2.174861720050103e-06,6.112268380320529e-08
2025-07-24 11:14:00,2.184525328630116e-06,6.392505724761577e-08
2025-07-24 11:15:00,2.219455836893758e-06,7.105923316430562e-08
2025-07-24 11:16:00,2.2397684915631544e-06,7.228376119883251e-08
2025-07-24 11:17:00,2.2556480416824343e-06,7.400542045843395e-08
2025-07-24 11:18:00,2.2659423848381266e-06,7.446097782803918e-08
2025-07-24 11:19:00,2.268962589369039e-06,7.717604688650681e-08
2025-07-24 11:20:00,2.2696726773574483e-06,7.540533886185585e-08
2025-07-24 11:21:00,2.2820081539975945e-06,7.856088757307589e-08
2025-07-24 11:22:00,2.308649982296629e-06,7.800493762033511e-08
2025-07-24 11:23:00,2.355034666834399e-06,8.312166244195396e-08
2025-07-24 11:24:00,2.3951743060024455e-06,8.199190659752276e-08
2025-07-24 11:25:00,2.359083055125666e-06,7.69037242775994e-08
2025-07-24 11:26:00,2.3041980057314504e-06,7.264512191795802e-08
2025-07-24 11:27:00,2.234562998637557e-06,6.90540176151444e-08
2025-07-24 11:28:00,2.147433178834035e-06,6.480480152504242e-08
2025-07-24 11:29:00,2.063570491372957e-06,5.998780494564926e-08
2025-07-24 11:30:00,1.98205793822126e-06,5.812344383571144e-08
2025-07-24 11:31:00,1.910135779326083e-06,5.37524371679865e-08
2025-07-24 11:32:00,1.8519788227422396e-06,4.891768767834037e-08
2025-07-24 11:33:00,1.802344399948197e-06,4.6812406395702055e-08
2025-07-24 11:34:00,1.7637281644056202e-06,4.568428124684942e-08
2025-07-24 11:35:00,1.730241820041556e-06,4.4212544736410564e-08
2025-07-24 11:36:00,1.7040426882886095e-06,4.308189716084598e-08
2025-07-24 11:37:00,1.6795736428321106e-06,3.738307086109671e-08
2025-07-24 11:38:00,1.6525971204828238e-06,3.755036814823143e-08
2025-07-24 11:39:00,1.6250290855168714e-06,3.770402656755323e-08
2025-07-24 11:40:00,1.597669779584976e-06,3.403645365551711e-08
2025-07-24 11:41:00,1.5689083738834597e-06,3.447986429705452e-08
2025-07-24 11:42:00,1.5407105138365296e-06,3.508888113401554e-08
2025-07-24 11:43:00,1.5198015717032831e-06,3.467661358058649e-08
2025-07-24 11:44:00,1.4930137695046142e-06,3.0530799222106e-08
2025-07-24 11:45:00,1.4730187558598118e-06,3.0671728268316656e-08
2025-07-24 11:46:00,1.4606395097871427e-06,3.444438689825802e-08
2025-07-24 11:47:00,1.4455970358540071e-06,3.316096552907766e-08
2025-07-24 11:48:00,1.4322938568511745e-06,3.108360857595471e-08
2025-07-24 11:49:00,1.4244541262087296e-06,3.1639778796943574e-08
2025-07-24 11:50:00,1.42755027354724e-06,3.399997794417686e-08
2025-07-24 11:51:00,1.437103151147312e-06,3.288752026264774e-08
2025-07-24 11:52:00,1.4488725810224423e-06,3.25631503983459e-08
2025-07-24 11:53:00,1.4606555396312615e-06,3.21853974583064e-08
2025-07-24 11:54:00,1.48608364725078e-06,3.762917444305458e-08
2025-07-24 11:55:00,1.5300961422326509e-06,4.204034098620468e-08
2025-07-24 11:56:00,1.5669305639676168e-06,4.380480334020831e-08
2025-07-24 11:57:00,1.5856193158469978e-06,4.60131701629507e-08
2025-07-24 11:58:00,1.5866208968873252e-06,4.153577037868672e-08
2025-07-24 11:59:00,1.577433636157366e-06,3.973669748802422e-08
2025-07-24 12:00:00,1.5459897895198083e-06,3.7906481509253354e-08
2025-07-24 12:01:00,1.5135118474063347e-06,3.593438435700591e-08
2025-07-24 12:02:00,1.5047887700347928e-06,3.5206237924967354e-08
2025-07-24 12:03:00,1.4962174645916093e-06,3.731673103857247e-08
2025-07-24 12:04:00,1.4698404129376286e-06,3.115194502356644e-08
2025-07-24 12:05:00,1.432780436516623e-06,2.9512321475522185e-08
2025-07-24 12:06:00,1.4036168067832477e-06,3.089243705289846e-08
2025-07-24 12:07:00,1.3765443327429239e-06,2.7976785332839427e-08
2025-07-24 12:08:00,1.349817353002436e-06,2.5162691486002586e-08
2025-07-24 12:09:00,1.3162984942027833e-06,2.485533556750852e-08
2025-07-24 12:10:00,1.2940123497173772e-06,2.5530148661800922e-08
2025-07-24 12:11:00,1.280506467082887e-06,2.612486049713425e-08
2025-07-24 12:12:00,1.2832226730097318e-06,2.824585898508758e-08
2025-07-24 12:13:00,1.288625071538263e-06,3.0454835098225885e-08
2025-07-24 12:14:00,1.2810480711777927e-06,2.99288345217974e-08
2025-07-24 12:15:00,1.265505375158682e-06,3.1328632132954226e-08
2025-07-24 12:16:00,1.2545197023428045e-06,2.797375131535773e-08
2025-07-24 12:17:00,1.2443762216207688e-06,2.7582727213371072e-08
2025-07-24 12:18:00,1.23238316973584e-06,2.6421121290809424e-08
2025-07-24 12:19:00,1.2213037052788422e-06,2.6322339863327215e-08
2025-07-24 12:20:00,1.2168229659437202e-06,2.5346027499040247e-08
2025-07-24 12:21:00,1.2329770697760978e-06,2.5911264245337406e-08
2025-07-24 12:22:00,1.2670799378611264e-06,2.995356496171553e-08
2025-07-24 12:23:00,1.2867870964328176e-06,3.1341816253416255e-08
2025-07-24 12:24:00,1.2953879604538088e-06,3.210145749221738e-08
2025-07-24 12:25:00,1.3057690466666827e-06,3.356548816668692e-08
2025-07-24 12:26:00,1.2984346540179104e-06,3.259246383890968e-08
2025-07-24 12:27:00,1.277725800719054e-06,2.8400213736290425e-08
2025-07-24 12:28:00,1.2488076208683196e-06,2.8682569208626774e-08
2025-07-24 12:29:00,1.2314299056015443e-06,2.670200593968275e-08
2025-07-24 12:30:00,1.2200632681924617e-06,2.6168065048182143e-08
2025-07-24 12:31:00,1.2176088830528897e-06,2.5097923739281214e-08
2025-07-24 12:32:00,1.233886450791033e-06,2.683344568765733e-08
2025-07-24 12:33:00,1.286158067159704e-06,3.255653879818965e-08
2025-07-24 12:34:00,1.3268019074530457e-06,3.392312564187705e-08
2025-07-24 12:35:00,1.3331024319995777e-06,3.039865958953669e-08
2025-07-24 12:36:00,1.3149805226930766e-06,3.0150275165397034e-08
2025-07-24 12:37:00,1.2688698234342155e-06,2.7632008681166553e-08
2025-07-24 12:38:00,1.2302766663196962e-06,2.386178721280885e-08
2025-07-24 12:39:00,1.2022619557683356e-06,2.312633107237616e-08
2025-07-24 12:40:00,1.1842610092571704e-06,2.1478033573885114e-08
2025-07-24 12:41:00,1.1666689943012898e-06,2.1154088258867887e-08
2025-07-24 12:42:00,1.1678044984364533e-06,2.185126923848202e-08
2025-07-24 12:43:00,1.1829819186459645e-06,2.4284476651814657e-08
2025-07-24 12:44:00,1.1584850199142238e-06,2.3680289729099968e-08
2025-07-24 12:45:00,1.1427011941123055e-06,2.0219808050114807e-08
2025-07-24 12:46:00,1.1296955335637904e-06,1.6807346625569153e-08
2025-07-24 12:47:00,1.1164154329890152e-06,1.9222127889406693e-08
2025-07-24 12:48:00,1.1046118970625685e-06,1.926033910137903e-08
2025-07-24 12:49:00,1.0884529046961688e-06,1.7510531691300457e-08
2025-07-24 12:50:00,1.075621867130394e-06,1.763835477675002e-08
2025-07-24 12:51:00,1.0639105312293395e-06,1.8308904614627863e-08
2025-07-24 12:52:00,1.0522693401071592e-06,1.834069784933945e-08
2025-07-24 12:53:00,1.0443894780109986e-06,1.5746413950523674e-08
2025-07-24 12:54:00,1.0347393981646746e-06,1.6568325378329973e-08
2025-07-24 12:55:00,1.0304866009391844e-06,1.6921665846325595e-08
2025-07-24 12:56:00,1.0348586556574446e-06,1.8520346145578515e-08
2025-07-24 12:57:00,1.0316027783119353e-06,1.6781578793256813e-08
2025-07-24 12:58:00,1.0238835557174752e-06,1.7221170267589514e-08
2025-07-24 12:59:00,1.0213803989245207e-06,1.6714134076778464e-08
2025-07-24 13:00:00,1.0210669643129222e-06,1.3925485653487613e-08
2025-07-24 13:01:00,1.0243096539852559e-06,1.66996905193173e-08
2025-07-24 13:02:00,1.026273480420059e-06,1.7513409389380286e-08
2025-07-24 13:03:00,1.0304667057425831e-06,1.586034059641861e-08
2025-07-24 13:04:00,1.0326837127649924e-06,1.4023147976160999e-08
2025-07-24 13:05:00,1.0357500741520198e-06,1.5109492323972518e-08
2025-07-24 13:06:00,1.0363513638367294e-06,1.429486395920776e-08
2025-07-24 13:07:00,1.04113655652327e-06,1.5093061023208065e-08
2025-07-24 13:08:00,1.0412421715955134e-06,1.5877409609288407e-08
2025-07-24 13:09:00,1.0417337534818216e-06,1.4667526748723958e-08
2025-07-24 13:10:00,1.039418521031621e-06,1.5536425479467653e-08
2025-07-24 13:11:00,1.0348537671234226e-06,1.5310732237594493e-08
2025-07-24 13:12:00,1.03157958619704e-06,1.460324838831184e-08
2025-07-24 13:13:00,1.0297113703927607e-06,1.4614868426576777e-08
2025-07-24 13:14:00,1.0351894843552145e-06,1.4320710839399453e-08
2025-07-24 13:15:00,1.0384203505964251e-06,1.3944357668549401e-08
2025-07-24 13:16:00,1.0423191270092502e-06,1.4343873644406813e-08
2025-07-24 13:17:00,1.04068897144316e-06,1.2497993751026115e-08
2025-07-24 13:18:00,1.0449533647260978e-06,1.4186038121977163e-08
2025-07-24 13:19:00,1.0489706028238288e-06,1.3946125143604604e-08
2025-07-24 13:20:00,1.0443831115480862e-06,1.4781021739906919e-08
2025-07-24 13:21:00,1.0401165582152316e-06,1.5347193738080023e-08
2025-07-24 13:22:00,1.0384742381575052e-06,1.36733522282384e-08
2025-07-24 13:23:00,1.0317307896912098e-06,1.4022341510155911e-08
2025-07-24 13:24:00,1.0244940540360403e-06,1.3879782656545103e-08
2025-07-24 13:25:00,1.0224667903457885e-06,1.3267718479426094e-08
2025-07-24 13:26:00,1.022500441649754e-06,1.4933386083271216e-08
2025-07-24 13:27:00,1.0221515367447864e-06,1.1695687085477857e-08
2025-07-24 13:28:00,1.0243903716400382e-06,1.2473464927609257e-08
2025-07-24 13:29:00,1.0259842611048953e-06,1.4226466227285073e-08
2025-07-24 13:30:00,1.0351481023462838e-06,1.2066976751157199e-08
2025-07-24 13:31:00,1.0388750979473116e-06,1.0189771693092098e-08
2025-07-24 13:32:00,1.0403264241176657e-06,1.2775672963982743e-08
2025-07-24 13:33:00,1.0426068683955236e-06,1.438288865784898e-08
2025-07-24 13:34:00,1.0429170060888282e-06,1.5647334095092447e-08
2025-07-24 13:35:00,1.0400680139355245e-06,1.2558516893079741e-08
2025-07-24 13:36:00,1.0448576404087362e-06,1.3175268875897928e-08
2025-07-24 13:37:00,1.0568768402663409e-06,1.38124978121823e-08
2025-07-24 13:38:00,1.0655987807695055e-06,1.431627705272831e-08
2025-07-24 13:39:00,1.0612449159452808e-06,1.3763179040893192e-08
2025-07-24 13:40:00,1.0599508186714957e-06,1.3176524760183383e-08
2025-07-24 13:41:00,1.061318357642449e-06,1.4584446539345208e-08
2025-07-24 13:42:00,1.068674123416713e-06,1.2622876965906471e-08
2025-07-24 13:43:00,1.0841371249625809e-06,1.4253243030282192e-08
2025-07-24 13:44:00,1.081307800632203e-06,1.503321733764551e-08
2025-07-24 13:45:00,1.069087829819182e-06,1.4796129654826018e-08
2025-07-24 13:46:00,1.0681883395591285e-06,1.4522407276729155e-08
2025-07-24 13:47:00,1.0660052112143603e-06,1.4742032483638923e-08
2025-07-24 13:48:00,1.0687032272471697e-06,1.5561003152697594e-08
2025-07-24 13:49:00,1.0534952252783114e-06,1.2622054512689829e-08
2025-07-24 13:50:00,1.0524947811063612e-06,1.4623490862675226e-08
2025-07-24 13:51:00,1.065835022018291e-06,1.6314782413928697e-08
2025-07-24 13:52:00,1.0602223028399749e-06,1.4765358713475507e-08
2025-07-24 13:53:00,1.0532296528253937e-06,1.0338349731853214e-08
2025-07-24 13:54:00,1.0451266234667855e-06,1.2597740628450538e-08
2025-07-24 13:55:00,1.0312393214917392e-06,1.2818048844565055e-08
2025-07-24 13:56:00,1.0202406883763615e-06,1.2703258001067752e-08
2025-07-24 13:57:00,1.0151690048587625e-06,1.1049416492880937e-08
2025-07-24 13:58:00,1.017781642076443e-06,1.2317294739716544e-08
2025-07-24 13:59:00,1.0169355846301187e-06,1.216453426877706e-08
2025-07-24 14:00:00,1.0153249832001165e-06,1.2183035913437834e-08
2025-07-24 14:01:00,1.0190145758315339e-06,1.3645414576046733e-08
2025-07-24 14:02:00,1.0219316664006328e-06,1.1804352162414489e-08
2025-07-24 14:03:00,1.023210643325001e-06,1.300945751125937e-08
2025-07-24 14:04:00,1.0405740340502234e-06,1.2307574515091346e-08
2025-07-24 14:05:00,1.0448474085933412e-06,1.205749367017006e-08
2025-07-24 14:06:00,1.0460827297720243e-06,1.223724765964107e-08
2025-07-24 14:07:00,1.046585566655267e-06,1.5666259400859417e-08
2025-07-24 14:08:00,1.0525823199714068e-06,1.4918049018319834e-08
2025-07-24 14:09:00,1.055935058502655e-06,1.3975570034574503e-08
2025-07-24 14:10:00,1.0697669949877309e-06,1.5199768554907678e-08
2025-07-24 14:11:00,1.086918132386927e-06,1.7041685396179673e-08
2025-07-24 14:12:00,1.0994418744303402e-06,1.7485870529299063e-08
2025-07-24 14:13:00,1.10635426153749e-06,1.5644756601318477e-08
2025-07-24 14:14:00,1.1297788660158403e-06,1.63048774481922e-08
2025-07-24 14:15:00,1.1538995750015602e-06,1.883152478399097e-08
2025-07-24 14:16:00,1.1731649465218652e-06,2.1437667641066582e-08
2025-07-24 14:17:00,1.1925881153729279e-06,2.5302997030962615e-08
2025-07-24 14:18:00,1.2097665376131772e-06,2.5349082832804015e-08
2025-07-24 14:19:00,1.2242488764968584e-06,2.5351919674676537e-08
2025-07-24 14:20:00,1.2272290632608929e-06,2.456521919214083e-08
2025-07-24 14:21:00,1.2232457038408029e-06,2.5634687261799627e-08
2025-07-24 14:22:00,1.2194528835607343e-06,2.6819842346981204e-08
2025-07-24 14:23:00,1.2149156418672646e-06,2.4814509558268583e-08
2025-07-24 14:24:00,1.2120293604311883e-06,2.127086595749006e-08
2025-07-24 14:25:00,1.2086882179573877e-06,2.042535207635865e-08
2025-07-24 14:26:00,1.210355890179926e-06,1.6775924649437002e-08
2025-07-24 14:27:00,1.2036165344397887e-06,1.6574016825643412e-08
2025-07-24 14:28:00,1.19050775992946e-06,2.0714375992270107e-08
2025-07-24 14:29:00,1.1797876595665002e-06,2.1750819811927613e-08
2025-07-24 14:30:00,1.1679154567900696e-06,2.0635738451346697e-08
2025-07-24 14:31:00,1.1498716503410833e-06,1.9157965880367556e-08
2025-07-24 14:32:00,1.141615484812064e-06,1.8115516198236037e-08
2025-07-24 14:33:00,1.1577899385883939e-06,2.1756031642894413e-08
2025-07-24 14:34:00,1.1846908591905958e-06,2.5101769551838515e-08
2025-07-24 14:35:00,1.1882483477165806e-06,1.762061785370861e-08
2025-07-24 14:36:00,1.1773096275646822e-06,1.1653864540051018e-08
2025-07-24 14:37:00,1.1616949677772936e-06,1.0173375031286014e-08
2025-07-24 14:38:00,1.14380770810385e-06,1.3480286220612925e-08
2025-07-24 14:39:00,1.120915044339199e-06,1.602193400174201e-08
2025-07-24 14:40:00,1.1032341262762202e-06,1.581122788252287e-08
2025-07-24 14:41:00,1.090097384803812e-06,1.6707002004068272e-08
2025-07-24 14:42:00,1.0805620149767492e-06,1.628900037076164e-08
2025-07-24 14:43:00,1.0782508752527065e-06,1.714438013777908e-08
2025-07-24 14:44:00,1.07712151020678e-06,1.6879997843943784e-08
2025-07-24 14:45:00,1.0703225825636764e-06,1.5970247346785982e-08
2025-07-24 14:46:00,1.0683470463845879e-06,1.2023027018415178e-08
2025-07-24 14:47:00,1.0725094625740894e-06,9.998299965729984e-09
2025-07-24 14:48:00,1.0621233741403557e-06,6.310583611224274e-09
2025-07-24 14:49:00,1.0580264415693819e-06,6.4706426883276436e-09
2025-07-24 14:50:00,1.0579951776890084e-06,1.0810790485038524e-08
2025-07-24 14:51:00,1.056904125107394e-06,1.5277198173180295e-08
2025-07-24 14:52:00,1.0597956361380056e-06,1.3291582057206597e-08
2025-07-24 14:53:00,1.064747493728646e-06,1.1525380649857198e-08
2025-07-24 14:54:00,1.0701206747398828e-06,1.4674770731915032e-08
2025-07-24 14:55:00,1.0652048558768001e-06,1.3637118989606734e-08
2025-07-24 14:56:00,1.0568079460426816e-06,9.762184838280064e-09
2025-07-24 14:57:00,1.0480941909918329e-06,7.708187865773652e-09
2025-07-24 14:58:00,1.0397970982012339e-06,8.697818465464024e-09
2025-07-24 14:59:00,1.0430991324028582e-06,1.1220760320895806e-08
2025-07-24 15:00:00,1.0422079412819585e-06,1.1640359787179477e-08
2025-07-24 15:01:00,1.036840785673121e-06,8.550573582510879e-09
2025-07-24 15:02:00,1.030613816510595e-06,9.71454028331209e-09
2025-07-24 15:03:00,1.0270476877849433e-06,1.089204726412163e-08
2025-07-24 15:04:00,1.0291446415067185e-06,1.361260704157985e-08
2025-07-24 15:05:00,1.0264766387990676e-06,1.3927139441705094e-08
2025-07-24 15:06:00,1.024971197693958e-06,1.2927456438660556e-08
2025-07-24 15:07:00,1.0263770491292235e-06,1.2305968688508528e-08
2025-07-24 15:08:00,1.023022377921734e-06,1.0135194017379945e-08
2025-07-24 15:09:00,1.021402340484201e-06,9.772529452334311e-09
2025-07-24 15:10:00,1.0202317071161815e-06,1.4843178242074373e-08
2025-07-24 15:11:00,1.0167011623707367e-06,1.77468777451395e-08
2025-07-24 15:12:00,1.0243832093692617e-06,1.6066138641690486e-08
2025-07-24 15:13:00,1.029576878863736e-06,1.547314099070718e-08
2025-07-24 15:14:00,1.0329026736144442e-06,1.2552026973366992e-08
2025-07-24 15:15:00,1.0295665333615034e-06,9.499935060830467e-09
2025-07-24 15:16:00,1.031347210300737e-06,1.2018050554729598e-08
2025-07-24 15:17:00,1.0300122994522098e-06,1.4510904478015618e-08
2025-07-24 15:18:00,1.030947828439821e-06,1.4655472391211788e-08
2025-07-24 15:19:00,1.032935870171059e-06,1.4965548800205397e-08
2025-07-24 15:20:00,1.0385768973719678e-06,1.5639676220757792e-08
2025-07-24 15:21:00,1.0403460919405916e-06,1.509396696519616e-08
2025-07-24 15:22:00,1.0372775705036474e-06,1.5629343153023e-08
2025-07-24 15:23:00,1.0354376627219608e-06,1.6542021086252134e-08
2025-07-24 15:24:00,1.0408197113065398e-06,1.6126229240853718e-08
2025-07-24 15:25:00,1.0416104032628937e-06,1.3499315443255e-08
2025-07-24 15:26:00,1.0358942290622508e-06,1.5581402834641267e-08
2025-07-24 15:27:00,1.0302738928658073e-06,1.5784110019012587e-08
2025-07-24 15:28:00,1.0220232979918364e-06,1.3467793102961423e-08
2025-07-24 15:29:00,1.019103933685983e-06,9.630238828606252e-09
2025-07-24 15:30:00,1.017881231746287e-06,1.2148432482206317e-08
2025-07-24 15:31:00,1.0164326340600383e-06,1.3676694443631732e-08
2025-07-24 15:32:00,1.0158552186112502e-06,1.2279739891596364e-08
2025-07-24 15:33:00,1.0115306849911576e-06,1.2891415934745964e-08
2025-07-24 15:34:00,1.0130296459465171e-06,1.3676815235896811e-08
2025-07-24 15:35:00,1.0128964049727074e-06,1.4686264648844372e-08
2025-07-24 15:36:00,1.014381041386514e-06,1.4087083499703112e-08
2025-07-24 15:37:00,1.0171244184675743e-06,1.3708041812776628e-08
2025-07-24 15:38:00,1.0206734941675677e-06,1.419312667394479e-08
2025-07-24 15:39:00,1.0235493164145737e-06,1.5596164359976683e-08
2025-07-24 15:40:00,1.029281634146173e-06,1.9315979926659566e-08
2025-07-24 15:41:00,1.0415998303869856e-06,1.5146087051221002e-08
2025-07-24 15:42:00,1.0559372185525717e-06,1.4528406921954229e-08
2025-07-24 15:43:00,1.0618404076012666e-06,1.6111695089193745e-08
2025-07-24 15:44:00,1.069560312316753e-06,1.509450164860482e-08
2025-07-24 15:45:00,1.063429294845264e-06,1.3342765114998656e-08
2025-07-24 15:46:00,1.051121898854035e-06,1.4436751349933274e-08
2025-07-24 15:47:00,1.0409836477265344e-06,1.4571928552697955e-08
2025-07-24 15:48:00,1.0357812243455555e-06,1.497519619420018e-08
2025-07-24 15:49:00,1.0361555951021728e-06,1.3373654184078987e-08
2025-07-24 15:50:00,1.0344969041398144e-06,1.0012959350547135e-08
2025-07-24 15:51:00,1.0405066177554545e-06,1.0499131342101009e-08
2025-07-24 15:52:00,1.0455154324517935e-06,1.3773834517394334e-08
2025-07-24 15:53:00,1.0584165011096047e-06,1.3540740084749814e-08
2025-07-24 15:54:00,1.0726640766733908e-06,1.0433220509753482e-08
2025-07-24 15:55:00,1.096909613806929e-06,1.262400761703475e-08
2025-07-24 15:56:00,1.1145158396175248e-06,1.8210894126013955e-08
2025-07-24 15:57:00,1.1375886970199645e-06,2.013218747265455e-08
2025-07-24 15:58:00,1.159384169113764e-06,2.087984363186024e-08
2025-07-24 15:59:00,1.173745317828434e-06,2.101789142727739e-08
2025-07-24 16:00:00,1.1904452321687131e-06,1.6909556421751404e-08
2025-07-24 16:01:00,1.1853474006784381e-06,1.756644074646374e-08
2025-07-24 16:02:00,1.182220103146392e-06,1.4949709026268465e-08
2025-07-24 16:03:00,1.1917309166165069e-06,1.7153933384861375e-08
2025-07-24 16:04:00,1.197316692014283e-06,1.8845296878566842e-08
2025-07-24 16:05:00,1.1965711337325047e-06,1.9059688938227737e-08
2025-07-24 16:06:00,1.1869252602991764e-06,1.9740165058124148e-08
2025-07-24 16:07:00,1.1781263538068742e-06,2.430528667218823e-08
2025-07-24 16:08:00,1.1669578725559404e-06,1.9946822860106295e-08
2025-07-24 16:09:00,1.1671414767988608e-06,1.7570313204373633e-08
2025-07-24 16:10:00,1.1788232541221078e-06,2.2131594334950933e-08
2025-07-24 16:11:00,1.1729802054105676e-06,1.8260626788446643e-08
2025-07-24 16:12:00,1.1650462283796514e-06,1.9233018733189056e-08
2025-07-24 16:13:00,1.1647770179479267e-06,1.953950068411814e-08
2025-07-24 16:14:00,1.1696661204041447e-06,1.7405630714506515e-08
2025-07-24 16:15:00,1.1832693189717247e-06,1.749148026419789e-08
2025-07-24 16:16:00,1.185892642752151e-06,2.200001070207236e-08
2025-07-24 16:17:00,1.1803381312347483e-06,1.6527186730286303e-08
2025-07-24 16:18:00,1.1730999176506884e-06,1.7727074919093866e-08
2025-07-24 16:19:00,1.167836444437853e-06,2.0283502877305182e-08
2025-07-24 16:20:00,1.174168005491083e-06,2.0500722897054402e-08
2025-07-24 16:21:00,1.1783068885051762e-06,2.0700213099189568e-08
2025-07-24 16:22:00,1.1792398026955198e-06,2.0178635651291188e-08
2025-07-24 16:23:00,1.1820317240562872e-06,1.862520626616515e-08
2025-07-24 16:24:00,1.1802460448961938e-06,1.704232133192818e-08
2025-07-24 16:25:00,1.186524855256721e-06,2.0134891087764117e-08
2025-07-24 16:26:00,1.2021818065477419e-06,2.003670296346627e-08
2025-07-24 16:27:00,1.2064339216522058e-06,2.093602979869047e-08
2025-07-24 16:28:00,1.208561457133328e-06,2.07252366379862e-08
2025-07-24 16:29:00,1.2147073675805586e-06,2.1402023264727177e-08
2025-07-24 16:30:00,1.2248408438608749e-06,2.067372584235727e-08
2025-07-24 16:31:00,1.2376896165733342e-06,2.1755614199037154e-08
2025-07-24 16:32:00,1.2535380164990784e-06,1.9382721205829512e-08
2025-07-24 16:33:00,1.269698600481206e-06,2.262450848888875e-08
2025-07-24 16:34:00,1.2923935628350591e-06,2.5373777745585357e-08
2025-07-24 16:35:00,1.3042241562288837e-06,2.6449352930058012e-08
2025-07-24 16:36:00,1.3420632285487955e-06,3.1097371788746386e-08
2025-07-24 16:37:00,1.4796595451116445e-06,5.05136092954217e-08
2025-07-24 16:38:00,1.8782750430546002e-06,1.1019419332569669e-07
2025-07-24 16:39:00,2.303042492712848e-06,1.4536388448505022e-07
2025-07-24 16:40:00,2.0971638150513172e-06,9.00192276276357e-08
2025-07-24 16:41:00,1.900526626741339e-06,6.30762357900494e-08
2025-07-24 16:42:00,1.7683730675344123e-06,5.013105663920214e-08
2025-07-24 16:43:00,1.6919524341574288e-06,4.3949054173708646e-08
2025-07-24 16:44:00,1.6614120568192448e-06,4.154931687594399e-08
2025-07-24 16:45:00,1.635337184779928e-06,4.3853422226902694e-08
2025-07-24 16:46:00,1.6227538708335487e-06,4.4972399138032415e-08
2025-07-24 16:47:00,1.6288726101265638e-06,5.0981601162902734e-08
2025-07-24 16:48:00,1.6416773860328249e-06,5.2454602439411246e-08
2025-07-24 16:49:00,1.6605357586740865e-06,5.4132751614588415e-08
2025-07-24 16:50:00,1.688043766989722e-06,5.716389495091789e-08
2025-07-24 16:51:00,1.7197667148138862e-06,5.7154888821742134e-08
2025-07-24 16:52:00,1.7444505147068412e-06,6.28320648843328e-08
2025-07-24 16:53:00,1.7737722828314872e-06,6.276165009921897e-08
2025-07-24 16:54:00,1.8074438230542e-06,6.44985931330666e-08
2025-07-24 16:55:00,1.8404482489131624e-06,6.658413553850551e-08
2025-07-24 16:56:00,1.8832760133591364e-06,7.092575771139309e-08
2025-07-24 16:57:00,1.942491053341655e-06,7.237166244067339e-08
2025-07-24 16:58:00,2.0135589693381917e-06,8.199541667863741e-08
2025-07-24 16:59:00,2.1323478449630784e-06,9.110696908010141e-08
2025-07-24 17:00:00,2.2182209704624256e-06,9.857358662657134e-08
2025-07-24 17:01:00,2.203630629082909e-06,9.385044563714473e-08
2025-07-24 17:02:00,2.2256360807659803e-06,9.486244323397841e-08
2025-07-24 17:03:00,2.4375385692110285e-06,1.2093781265321013e-07
2025-07-24 17:04:00,2.5397960143891396e-06,1.2733998744351993e-07
2025-07-24 17:05:00,2.4913604192988714e-06,1.1670572774846733e-07
2025-07-24 17:06:00,2.4767657578195212e-06,1.195151071442524e-07
2025-07-24 17:07:00,2.519791678423644e-06,1.1925389742373227e-07
2025-07-24 17:08:00,2.6097031877725385e-06,1.1925577325655468e-07
2025-07-24 17:09:00,2.6076511403516633e-06,1.1518983455971465e-07
2025-07-24 17:10:00,2.5980773443734506e-06,1.1830741897256303e-07
2025-07-24 17:11:00,2.616457550175255e-06,1.2322959719313076e-07
2025-07-24 17:12:00,2.6588731998344883e-06,1.3432783418920735e-07
2025-07-24 17:13:00,2.7106334528070875e-06,1.4005397019900556e-07
2025-07-24 17:14:00,2.7646835860650754e-06,1.427510909479679e-07
2025-07-24 17:15:00,2.7996049993816996e-06,1.468444992269724e-07
2025-07-24 17:16:00,2.8360591386444867e-06,1.4802297698679467e-07
2025-07-24 17:17:00,2.88896035272046e-06,1.512710667839201e-07
2025-07-24 17:18:00,2.954900764962076e-06,1.566001657238303e-07
2025-07-24 17:19:00,3.0150788461469347e-06,1.6173902395166806e-07
2025-07-24 17:20:00,3.07040500047151e-06,1.642739562157658e-07
2025-07-24 17:21:00,3.115834488198743e-06,1.6366504951292882e-07
2025-07-24 17:22:00,3.1682959615864092e-06,1.7069920943413308e-07
2025-07-24 17:23:00,3.221286078769481e-06,1.7285766773511568e-07
2025-07-24 17:24:00,3.2708094295230694e-06,1.722274447502059e-07
2025-07-24 17:25:00,3.312465651106322e-06,1.7514648220640083e-07
2025-07-24 17:26:00,3.3508467822684906e-06,1.757234144861286e-07
2025-07-24 17:27:00,3.3968767638725694e-06,1.8450162997396546e-07
2025-07-24 17:28:00,3.436286988289794e-06,1.8877555874041718e-07
2025-07-24 17:29:00,3.4669562865019543e-06,1.8931127954147087e-07
2025-07-24 17:30:00,3.4991674056072952e-06,1.8556998782059964e-07
2025-07-24 17:31:00,3.5392690733715426e-06,1.866138461537048e-07
2025-07-24 17:32:00,3.5874504646926653e-06,1.9009650031875935e-07
2025-07-24 17:33:00,3.6752073810930597e-06,2.0026190838962066e-07
2025-07-24 17:34:00,3.8500784285133705e-06,2.176306566070707e-07
2025-07-24 17:35:00,4.0128866203303915e-06,2.290924498993263e-07
2025-07-24 17:36:00,4.177111804892775e-06,2.384364563567942e-07
2025-07-24 17:37:00,4.3166696741536725e-06,2.426345133699215e-07
2025-07-24 17:38:00,4.403280399856158e-06,2.4600799974905385e-07
2025-07-24 17:39:00,4.418674507178366e-06,2.405660097792861e-07
2025-07-24 17:40:00,4.390401954879053e-06,2.3010578331650322e-07
2025-07-24 17:41:00,4.346883088146569e-06,2.2758116813292872e-07
2025-07-24 17:42:00,4.289252046874026e-06,2.2016354250808945e-07
2025-07-24 17:43:00,4.231445018376689e-06,2.133501055823217e-07
2025-07-24 17:44:00,4.174959030933678e-06,2.1283622686496528e-07
2025-07-24 17:45:00,4.133601578359958e-06,2.0728705862893548e-07
2025-07-24 17:46:00,4.09243011745275e-06,2.0163960812169535e-07
2025-07-24 17:47:00,4.053891188959824e-06,1.9676349438668694e-07
2025-07-24 17:48:00,4.0139116208592895e-06,1.9297634423764976e-07
2025-07-24 17:49:00,3.9890587686386425e-06,1.9304563636524108e-07
2025-07-24 17:50:00,3.9660681068198755e-06,1.8857130612559558e-07
2025-07-24 17:51:00,3.9497545003541745e-06,1.8967639903166855e-07
2025-07-24 17:52:00,3.946174729207996e-06,1.856856925996908e-07
2025-07-24 17:53:00,3.949543042836012e-06,1.8901874909715843e-07
2025-07-24 17:54:00,3.958938123105327e-06,1.8478793606391264e-07
2025-07-24 17:55:00,3.9493661461165175e-06,1.8500213627703488e-07
2025-07-24 17:56:00,3.931783794541843e-06,1.7926710427218495e-07
2025-07-24 17:57:00,3.926861154468497e-06,1.7745988145634328e-07
2025-07-24 17:58:00,3.9325955185631756e-06,1.7939947838385706e-07
2025-07-24 17:59:00,3.94809012504993e-06,1.7882516090139688e-07
2025-07-24 18:00:00,3.960596131946659e-06,1.8262656453771342e-07
2025-07-24 18:01:00,3.989549441030249e-06,1.8388408307146165e-07
2025-07-24 18:02:00,4.057701517012902e-06,1.9313462473746768e-07
2025-07-24 18:03:00,4.091493337909924e-06,1.9916902260774805e-07
2025-07-24 18:04:00,4.0946229091787245e-06,1.9266066431100626e-07
2025-07-24 18:05:00,4.085499313077889e-06,1.898132921951401e-07
2025-07-24 18:06:00,4.0776817513688e-06,1.8860013994981273e-07
2025-07-24 18:07:00,4.067374447913608e-06,1.8505960497350316e-07
2025-07-24 18:08:00,4.043919943796936e-06,1.8297717474524688e-07
2025-07-24 18:09:00,4.024627742182929e-06,1.7718332401273074e-07
2025-07-24 18:10:00,4.021070708404295e-06,1.7531394291836477e-07
2025-07-24 18:11:00,4.022047505713999e-06,1.7323802126156806e-07
2025-07-24 18:12:00,4.02870637117303e-06,1.753390108660824e-07
2025-07-24 18:13:00,4.021295353595633e-06,1.7547570507758792e-07
2025-07-24 18:14:00,4.007294592156541e-06,1.743384956398586e-07
2025-07-24 18:15:00,3.9846408981247805e-06,1.7341119473712752e-07
2025-07-24 18:16:00,3.948114226659527e-06,1.6653005729949655e-07
2025-07-24 18:17:00,3.906174697476672e-06,1.6450873374651565e-07
2025-07-24 18:18:00,3.871682110911934e-06,1.5996347713098658e-07
2025-07-24 18:19:00,3.843704234895995e-06,1.5709260026142147e-07
2025-07-24 18:20:00,3.8120406316011213e-06,1.50943691323846e-07
2025-07-24 18:21:00,3.7858578707528068e-06,1.5408730291710526e-07
2025-07-24 18:22:00,3.764509301618091e-06,1.5467809078018036e-07
2025-07-24 18:23:00,3.742263515960076e-06,1.5615366066867864e-07
2025-07-24 18:24:00,3.724147290995461e-06,1.5540324227458768e-07
2025-07-24 18:25:00,3.710022156155901e-06,1.5285175436474674e-07
2025-07-24 18:26:00,3.6903425097989384e-06,1.5139008269215992e-07
2025-07-24 18:27:00,3.666087650344707e-06,1.503013038473e-07
2025-07-24 18:28:00,3.6408687265065964e-06,1.4734033015884052e-07
2025-07-24 18:29:00,3.6167043617751915e-06,1.4870887810047861e-07
2025-07-24 18:30:00,3.5958014450443443e-06,1.4537550896420726e-07
2025-07-24 18:31:00,3.565764700397267e-06,1.4431498129852116e-07
2025-07-24 18:32:00,3.54850931216788e-06,1.4319243746285792e-07
2025-07-24 18:33:00,3.532501978043001e-06,1.473243287364312e-07
2025-07-24 18:34:00,3.523774921632139e-06,1.427182922952852e-07
2025-07-24 18:35:00,3.646264076451189e-06,1.6122693580200576e-07
2025-07-24 18:36:00,4.2253927858837415e-06,2.480259979620314e-07
2025-07-24 18:37:00,5.018476258555893e-06,3.784706450460362e-07
2025-07-24 18:38:00,5.463487468659878e-06,4.4520027131511597e-07
2025-07-24 18:39:00,5.789584065496456e-06,4.459229785425123e-07
2025-07-24 18:40:00,5.463461548060877e-06,3.843937861347513e-07
2025-07-24 18:41:00,4.998669737688033e-06,3.1016386969895393e-07
2025-07-24 18:42:00,4.511238330451306e-06,2.3677712590597366e-07
2025-07-24 18:43:00,4.120734047319274e-06,1.8926006362107728e-07
2025-07-24 18:44:00,3.824835857813014e-06,1.6439197736417555e-07
2025-07-24 18:45:00,3.619554718170548e-06,1.556877151642766e-07
2025-07-24 18:46:00,3.490462404442951e-06,1.4440193751852348e-07
2025-07-24 18:47:00,3.4099257391062565e-06,1.3909577489812364e-07
2025-07-24 18:48:00,3.361796643730486e-06,1.3603442994281068e-07
2025-07-24 18:49:00,3.3253866149607347e-06,1.3639544249599567e-07
2025-07-24 18:50:00,3.2983800792862894e-06,1.3401493959008803e-07
2025-07-24 18:51:00,3.2852562981133815e-06,1.33422801695815e-07
2025-07-24 18:52:00,3.273919446655782e-06,1.3329092496405792e-07
2025-07-24 18:53:00,3.266125077061588e-06,1.3434643619802955e-07
2025-07-24 18:54:00,3.2765076412033523e-06,1.3882542759802163e-07
2025-07-24 18:55:00,3.2996117624861654e-06,1.3536421761273232e-07
2025-07-24 18:56:00,3.2962457225949038e-06,1.3166707901746122e-07
2025-07-24 18:57:00,3.2783038932393538e-06,1.358474861490322e-07
2025-07-24 18:58:00,3.2323455343430396e-06,1.291836611017061e-07
2025-07-24 18:59:00,3.2188891054829583e-06,1.2901170975965215e-07
2025-07-24 19:00:00,3.2347179512726143e-06,1.305795080952521e-07
2025-07-24 19:01:00,3.251225280109793e-06,1.3074438243165787e-07
2025-07-24 19:02:00,3.2309681046172045e-06,1.2679940653015365e-07
2025-07-24 19:03:00,3.2063655908132205e-06,1.2132757376548398e-07
2025-07-24 19:04:00,3.1794731967238476e-06,1.217163685396372e-07
2025-07-24 19:05:00,3.1399185900227167e-06,1.1731834348438497e-07
2025-07-24 19:06:00,3.10301584249828e-06,1.1720020154371014e-07
2025-07-24 19:07:00,3.0820956453680992e-06,1.1704175761906299e-07
2025-07-24 19:08:00,3.0574667562177638e-06,1.1288197754311113e-07
2025-07-24 19:09:00,3.029122581210686e-06,1.126635353898564e-07
2025-07-24 19:10:00,2.9969819479447324e-06,1.1315048453752752e-07
2025-07-24 19:11:00,2.9723601073783357e-06,1.107680347445239e-07
2025-07-24 19:12:00,2.9556313165812753e-06,1.0634397540343343e-07
2025-07-24 19:13:00,2.925650505858357e-06,1.0412070849952215e-07
2025-07-24 19:14:00,2.894775207096245e-06,1.0395621785619369e-07
2025-07-24 19:15:00,2.8616727831831668e-06,1.0093028635083101e-07
2025-07-24 19:16:00,2.8380206913425354e-06,1.0165821606733516e-07
2025-07-24 19:17:00,2.81587222161761e-06,1.0259719829264213e-07
2025-07-24 19:18:00,2.7929913812840823e-06,1.0079470058599327e-07
2025-07-24 19:19:00,2.76632749773853e-06,9.449772875314011e-08
2025-07-24 19:20:00,2.7336395760357846e-06,9.71035234442752e-08
2025-07-24 19:21:00,2.7018643322662683e-06,9.464368844191995e-08
2025-07-24 19:22:00,2.6803736545844004e-06,9.200302031331375e-08
2025-07-24 19:23:00,2.6578688903100556e-06,9.329139771807604e-08
2025-07-24 19:24:00,2.6316956791561097e-06,8.988892119532466e-08
2025-07-24 19:25:00,2.6038862870336743e-06,9.283365898227203e-08
2025-07-24 19:26:00,2.579662123025628e-06,8.641275428544759e-08
2025-07-24 19:27:00,2.5620827273087343e-06,8.749150737230593e-08
2025-07-24 19:28:00,2.546619498389191e-06,9.019774438456807e-08
2025-07-24 19:29:00,2.531112841097638e-06,9.299745329371945e-08
2025-07-24 19:30:00,2.5210185867763357e-06,8.658886940793309e-08
2025-07-24 19:31:00,2.521807800803799e-06,8.747065294301137e-08
2025-07-24 19:32:00,2.5123863451881334e-06,8.72978844768113e-08
2025-07-24 19:33:00,2.4912906155805103e-06,8.773360349323411e-08
2025-07-24 19:34:00,2.468090997354011e-06,9.371595410812006e-08
2025-07-24 19:35:00,2.45197998083313e-06,8.772030923864804e-08
2025-07-24 19:36:00,2.4405082967859926e-06,8.311707233588095e-08
2025-07-24 19:37:00,2.4209602997871116e-06,7.440352334242561e-08
2025-07-24 19:38:00,2.406829707979341e-06,7.406932667208821e-08
2025-07-24 19:39:00,2.4025921447901055e-06,7.832228732240765e-08
2025-07-24 19:40:00,2.3832837996451417e-06,8.168765930349764e-08
2025-07-24 19:41:00,2.361724000365939e-06,7.574274007993154e-08
2025-07-24 19:42:00,2.3405168576573487e-06,7.170117299892809e-08
2025-07-24 19:43:00,2.326607273062109e-06,7.016551961669393e-08
2025-07-24 19:44:00,2.317781309102429e-06,7.588791106627468e-08
2025-07-24 19:45:00,2.308757302671438e-06,8.446998123190497e-08
2025-07-24 19:46:00,2.2938290840102127e-06,7.988835193373234e-08
2025-07-24 19:47:00,2.2799351881985785e-06,7.671128798847349e-08
2025-07-24 19:48:00,2.296119646416628e-06,7.46098223203262e-08
2025-07-24 19:49:00,2.312288188477396e-06,7.388657508045071e-08
2025-07-24 19:50:00,2.307317799932207e-06,7.433757787111972e-08
2025-07-24 19:51:00,2.2862086552777328e-06,7.282378078343754e-08
2025-07-24 19:52:00,2.26540032599587e-06,6.910460115250316e-08
2025-07-24 19:53:00,2.2618619368586224e-06,7.199566454119122e-08
2025-07-24 19:54:00,2.284735955981887e-06,7.413734692818252e-08
2025-07-24 19:55:00,2.2713893486070447e-06,7.660224099481638e-08
2025-07-24 19:56:00,2.229722440461046e-06,7.247210476180044e-08
2025-07-24 19:57:00,2.189657834605896e-06,7.244354094382288e-08
2025-07-24 19:58:00,2.15781869883358e-06,7.05680136547926e-08
2025-07-24 19:59:00,2.1335329165594885e-06,6.294986576449446e-08
2025-07-24 20:00:00,2.1236105567368213e-06,6.554797948865598e-08
2025-07-24 20:01:00,2.117098574672127e-06,6.945229102939265e-08
2025-07-24 20:02:00,2.0999591470172163e-06,6.856475920358207e-08
2025-07-24 20:03:00,2.078392299154075e-06,6.922739004266987e-08
2025-07-24 20:04:00,2.0615982521121623e-06,6.359095294783401e-08
2025-07-24 20:05:00,2.0432757992239203e-06,6.054635548480292e-08
2025-07-24 20:06:00,2.029320285146241e-06,6.961604270827593e-08
2025-07-24 20:07:00,2.0238392153260065e-06,7.750588082444665e-08
2025-07-24 20:08:00,2.0070563095941907e-06,8.175821619715862e-08
2025-07-24 20:09:00,1.988148142118007e-06,7.811593860651556e-08
2025-07-24 20:10:00,1.9689277905854397e-06,8.359444336747401e-08
2025-07-24 20:11:00,1.9561625776987057e-06,8.029628872918693e-08
2025-07-24 20:12:00,1.942858943948522e-06,7.342942609511738e-08
2025-07-24 20:13:00,1.9271692508482374e-06,6.869953494970105e-08
2025-07-24 20:14:00,1.9135377442580648e-06,6.882130065832825e-08
2025-07-24 20:15:00,1.9001295186171774e-06,7.180471328638305e-08
2025-07-24 20:16:00,1.8849412981580826e-06,7.168470261831317e-08
2025-07-24 20:17:00,1.864716864474758e-06,6.825392517839646e-08
2025-07-24 20:18:00,1.8529499357100576e-06,7.29740108340593e-08
2025-07-24 20:19:00,1.8401940451440169e-06,7.100806698190354e-08
2025-07-24 20:20:00,1.8313547798243235e-06,7.174498506401505e-08
2025-07-24 20:21:00,1.8210517964689643e-06,7.234692844804158e-08
2025-07-24 20:22:00,1.822097829062841e-06,6.774106253715217e-08
2025-07-24 20:23:00,1.8241836414745194e-06,6.629473148223042e-08
2025-07-24 20:24:00,1.8085584088112228e-06,6.599525903538961e-08
2025-07-24 20:25:00,1.7907987057697028e-06,6.315460865380373e-08
2025-07-24 20:26:00,1.776811586751137e-06,6.474777336507032e-08
2025-07-24 20:27:00,1.7685878219708684e-06,6.292810894592549e-08
2025-07-24 20:28:00,1.760349732649047e-06,6.451787015748778e-08
2025-07-24 20:29:00,1.747605324453616e-06,6.517456085930462e-08
2025-07-24 20:30:00,1.737568936732714e-06,6.338413527373632e-08
2025-07-24 20:31:00,1.7236102394235786e-06,5.985415896248014e-08
2025-07-24 20:32:00,1.7102773881561006e-06,5.771272171273267e-08
2025-07-24 20:33:00,1.6997718148559215e-06,5.5247262764623883e-08
2025-07-24 20:34:00,1.6863182281667832e-06,5.009662729094089e-08
2025-07-24 20:35:00,1.6794834891697974e-06,5.244242018420664e-08
2025-07-24 20:36:00,1.6708956991351442e-06,4.947549925304884e-08
2025-07-24 20:37:00,1.6577023416175507e-06,5.104694977831059e-08
2025-07-24 20:38:00,1.6505420035173302e-06,5.330129226877034e-08
2025-07-24 20:39:00,1.6421414557044045e-06,5.8641401068371124e-08
2025-07-24 20:40:00,1.6412740251325886e-06,5.84137076486968e-08
2025-07-24 20:41:00,1.645159159124887e-06,6.117750217526918e-08
2025-07-24 20:42:00,1.6453668649774045e-06,6.606799018982201e-08
2025-07-24 20:43:00,1.642445909055823e-06,6.452231815501364e-08
2025-07-24 20:44:00,1.6363704844479798e-06,6.433661781102273e-08
2025-07-24 20:45:00,1.6359972505597398e-06,6.543662323110766e-08
2025-07-24 20:46:00,1.6319221458616084e-06,6.662601492735121e-08
2025-07-24 20:47:00,1.6262628150798264e-06,6.472462388273925e-08
2025-07-24 20:48:00,1.6169470882232417e-06,6.435734434262486e-08
2025-07-24 20:49:00,1.6076654674179736e-06,6.122445483924821e-08
2025-07-24 20:50:00,1.5953194179019192e-06,6.24622202849423e-08
2025-07-24 20:51:00,1.590199190104613e-06,6.208234992755024e-08
2025-07-24 20:52:00,1.59342175720667e-06,6.099788407709639e-08
2025-07-24 20:53:00,1.5975066389728454e-06,6.005677022358213e-08
2025-07-24 20:54:00,1.618074520592927e-06,6.182209943972339e-08
2025-07-24 20:55:00,1.651560978643829e-06,6.501259974811546e-08
2025-07-24 20:56:00,1.7398177760696854e-06,7.33867224766982e-08
2025-07-24 20:57:00,1.8489012063582777e-06,8.52756230074192e-08
2025-07-24 20:58:00,1.944666109920945e-06,9.551357749160161e-08
2025-07-24 20:59:00,2.0071470316906925e-06,9.994726468676163e-08
2025-07-24 21:00:00,2.0318777842476266e-06,9.880805151851746e-08
2025-07-24 21:01:00,2.028479912041803e-06,9.533199119005076e-08
2025-07-24 21:02:00,2.0110817331442377e-06,9.201901463029571e-08
2025-07-24 21:03:00,1.9871126824000385e-06,8.901883319367698e-08
2025-07-24 21:04:00,1.9555734525056323e-06,8.528951411790331e-08
2025-07-24 21:05:00,1.9262552086729556e-06,8.02271813427069e-08
2025-07-24 21:06:00,1.916130941026495e-06,7.695003034768888e-08
2025-07-24 21:07:00,1.9063617173742387e-06,8.042766097560161e-08
2025-07-24 21:08:00,1.849573664003401e-06,7.249056466207549e-08
2025-07-24 21:09:00,1.7926696500580874e-06,7.09559557776629e-08
2025-07-24 21:10:00,1.7396345128872781e-06,6.540832941936969e-08
2025-07-24 21:11:00,1.6945593870332232e-06,6.502104099581629e-08
2025-07-24 21:12:00,1.6572237200307427e-06,6.164871990677057e-08
2025-07-24 21:13:00,1.625538061489351e-06,6.003418917543968e-08
2025-07-24 21:14:00,1.5970591675795731e-06,5.4178691755168984e-08
2025-07-24 21:15:00,1.5721051340733538e-06,5.988553652969131e-08
2025-07-24 21:16:00,1.553610672999639e-06,5.9181399336694085e-08
2025-07-24 21:17:00,1.529541918898758e-06,5.724351126445981e-08
2025-07-24 21:18:00,1.5059005136208725e-06,5.285592763470959e-08
2025-07-24 21:19:00,1.488392172177555e-06,5.356888976848495e-08
2025-07-24 21:20:00,1.4657024394182372e-06,5.254758761452649e-08
2025-07-24 21:21:00,1.449664978281362e-06,4.983175116990424e-08
2025-07-24 21:22:00,1.4406979289560695e-06,4.764529037970533e-08
2025-07-24 21:23:00,1.42442615924665e-06,4.85426276952694e-08
2025-07-24 21:24:00,1.4066798712519812e-06,4.754475924073631e-08
2025-07-24 21:25:00,1.3964526033305447e-06,4.338938097703249e-08
2025-07-24 21:26:00,1.385622226734995e-06,4.613458060021003e-08
2025-07-24 21:27:00,1.3709375252801692e-06,4.453531232684327e-08
2025-07-24 21:28:00,1.3619828678201884e-06,4.5364757284005464e-08
2025-07-24 21:29:00,1.3609770803668653e-06,4.814175724732195e-08
2025-07-24 21:30:00,1.3563485481427051e-06,4.932470787366583e-08
2025-07-24 21:31:00,1.3483233942679362e-06,4.802434361295127e-08
2025-07-24 21:32:00,1.3445527429212234e-06,5.2685930285178983e-08
2025-07-24 21:33:00,1.3419480637821835e-06,5.1003933521087674e-08
2025-07-24 21:34:00,1.3358867363422178e-06,5.047584394901605e-08
2025-07-24 21:35:00,1.3304452295415103e-06,5.2049610843596383e-08
2025-07-24 21:36:00,1.324734967056429e-06,5.0040480203961124e-08
2025-07-24 21:37:00,1.3193058521210332e-06,4.463056058057191e-08
2025-07-24 21:38:00,1.3131473224348156e-06,5.087481369514535e-08
2025-07-24 21:39:00,1.3177179880585754e-06,5.175121842171393e-08
2025-07-24 21:40:00,1.3135703511579777e-06,5.4467442112127173e-08
2025-07-24 21:41:00,1.307923525928345e-06,4.852793722420756e-08
2025-07-24 21:42:00,1.2999338423469453e-06,5.022674187671328e-08
2025-07-24 21:43:00,1.2954704970979947e-06,4.534306086156903e-08
2025-07-24 21:44:00,1.292016690968012e-06,4.528485320065556e-08
2025-07-24 21:45:00,1.2917954563818057e-06,4.65049474485113e-08
2025-07-24 21:46:00,1.2961877473571803e-06,4.224630600901946e-08
2025-07-24 21:47:00,1.3025959333390347e-06,4.6272528919644174e-08
2025-07-24 21:48:00,1.3100464002491208e-06,4.700875422258832e-08
2025-07-24 21:49:00,1.320754449807282e-06,4.6008480580894684e-08
2025-07-24 21:50:00,1.3190408481023042e-06,4.768897454709986e-08
2025-07-24 21:51:00,1.3163564744900214e-06,5.238344158442487e-08
2025-07-24 21:52:00,1.3150793165550567e-06,5.2245113124627096e-08
2025-07-24 21:53:00,1.3124540600983892e-06,5.032791250414448e-08
2025-07-24 21:54:00,1.3070762179268058e-06,4.892536509260026e-08
2025-07-24 21:55:00,1.305390355810232e-06,4.911865758572276e-08
2025-07-24 21:56:00,1.3076298728265101e-06,4.970530298464837e-08
2025-07-24 21:57:00,1.2999611271879985e-06,5.005712822025998e-08
2025-07-24 21:58:00,1.2908889175378135e-06,5.125430391217378e-08
2025-07-24 21:59:00,1.2829144679926685e-06,4.930507913059046e-08
2025-07-24 22:00:00,1.2764319308189442e-06,4.806889819519711e-08
2025-07-24 22:01:00,1.2720125823761919e-06,4.758503990842655e-08
2025-07-24 22:02:00,1.26930819988047e-06,4.9143245917093736e-08
2025-07-24 22:03:00,1.2787322702934034e-06,4.688373778094501e-08
2025-07-24 22:04:00,1.264798015654378e-06,5.111792589218567e-08
2025-07-24 22:05:00,1.2526633099696483e-06,4.978230805363637e-08
2025-07-24 22:06:00,1.2443367722880794e-06,4.613116288965102e-08
2025-07-24 22:07:00,1.242282337443612e-06,4.9690918046962906e-08
2025-07-24 22:08:00,1.2357967307252693e-06,4.634551942217513e-08
2025-07-24 22:09:00,1.2323287137405714e-06,5.093958321822356e-08
2025-07-24 22:10:00,1.2322620932536665e-06,5.162593552654471e-08
2025-07-24 22:11:00,1.2297452940401854e-06,5.177982487225563e-08
2025-07-24 22:12:00,1.2339453405729728e-06,5.1263679523572137e-08
2025-07-24 22:13:00,1.2373178606139845e-06,5.381136958249044e-08
2025-07-24 22:14:00,1.2350566294117016e-06,5.210376485820234e-08
2025-07-24 22:15:00,1.2263974440429593e-06,5.189045992892716e-08
2025-07-24 22:16:00,1.2192207350381068e-06,5.0947182472782515e-08
2025-07-24 22:17:00,1.215237261931179e-06,5.051813900536217e-08
2025-07-24 22:18:00,1.2145852679168456e-06,5.5355393158151855e-08
2025-07-24 22:19:00,1.2084276477253297e-06,5.469798125545822e-08
2025-07-24 22:20:00,1.2084796026101685e-06,5.2937590311330496e-08
2025-07-24 22:21:00,1.2117413916712394e-06,5.212038445279177e-08
2025-07-24 22:22:00,1.2313604429436964e-06,5.327166263668914e-08
2025-07-24 22:23:00,1.2309516250752495e-06,5.1026386671537693e-08
2025-07-24 22:24:00,1.2225654018038767e-06,4.860578428633744e-08
2025-07-24 22:25:00,1.21137111364078e-06,4.7129741886919874e-08
2025-07-24 22:26:00,1.210825530506554e-06,4.811835907503337e-08
2025-07-24 22:27:00,1.2107376505809953e-06,4.552149945880046e-08
2025-07-24 22:28:00,1.2063225085512386e-06,4.4457010517362505e-08
2025-07-24 22:29:00,1.1987328889517812e-06,4.1066162026481834e-08
2025-07-24 22:30:00,1.1901487368959351e-06,3.9879083146843186e-08
2025-07-24 22:31:00,1.1800910897363792e-06,3.706169238171242e-08
2025-07-24 22:32:00,1.17546301225957e-06,3.7891908277742914e-08
2025-07-24 22:33:00,1.1704263442879892e-06,3.454848140904687e-08
2025-07-24 22:34:00,1.1673779454213218e-06,3.211887289467086e-08
2025-07-24 22:35:00,1.1672643722704379e-06,3.380969104682663e-08
2025-07-24 22:36:00,1.163204160548048e-06,3.343127730204287e-08
2025-07-24 22:37:00,1.1581471426325152e-06,3.422571381861417e-08
2025-07-24 22:38:00,1.1479559134386363e-06,3.2900832280802206e-08
2025-07-24 22:39:00,1.1420588634791784e-06,3.1730820637676516e-08
2025-07-24 22:40:00,1.1385218385839835e-06,3.4241598001472084e-08
2025-07-24 22:41:00,1.137057211053616e-06,3.4132959569888044e-08
2025-07-24 22:42:00,1.136489913733385e-06,3.211548360582128e-08
2025-07-24 22:43:00,1.1323301123411511e-06,3.17029709151484e-08
2025-07-24 22:44:00,1.1257551477683592e-06,2.9697030612396702e-08
2025-07-24 22:45:00,1.1219373163839919e-06,2.7565546290020393e-08
2025-07-24 22:46:00,1.120930619435967e-06,3.034784157307513e-08
2025-07-24 22:47:00,1.1244411552979727e-06,3.020072014692232e-08
2025-07-24 22:48:00,1.1222870170968235e-06,3.1979912051838255e-08
2025-07-24 22:49:00,1.1187158861503121e-06,3.526020719846201e-08
2025-07-24 22:50:00,1.1123446483907173e-06,3.661807568278164e-08
2025-07-24 22:51:00,1.109673121391097e-06,2.7992372864105164e-08
2025-07-24 22:52:00,1.1033860118914163e-06,2.635197660083577e-08
2025-07-24 22:53:00,1.097414383366413e-06,2.3298342810562644e-08
2025-07-24 22:54:00,1.099191194953164e-06,2.2071549921065525e-08
2025-07-24 22:55:00,1.1045482324334444e-06,2.6518303997136172e-08
2025-07-24 22:56:00,1.1297223636574927e-06,3.2162713381467256e-08
2025-07-24 22:57:00,1.153359789896058e-06,3.4748278920915254e-08
2025-07-24 22:58:00,1.136509922616824e-06,3.402693948828528e-08
2025-07-24 22:59:00,1.1243854487474891e-06,3.0474854639805926e-08
2025-07-24 23:00:00,1.1155691481690155e-06,3.10175991558026e-08
2025-07-24 23:01:00,1.1087937537013204e-06,2.6526592478148814e-08
2025-07-24 23:02:00,1.1222947478017886e-06,2.5162760763919323e-08
2025-07-24 23:03:00,1.136754576691601e-06,2.988261726954988e-08
2025-07-24 23:04:00,1.131225076278497e-06,3.348518262669131e-08
2025-07-24 23:05:00,1.1445073369031888e-06,3.9529023609929936e-08
2025-07-24 23:06:00,1.163701995210431e-06,4.4759264739013815e-08
2025-07-24 23:07:00,1.1990691746177617e-06,4.603511527534465e-08
2025-07-24 23:08:00,1.224314814862737e-06,4.634211947518452e-08
2025-07-24 23:09:00,1.2458004903237452e-06,4.285546850724131e-08
2025-07-24 23:10:00,1.2507103974712663e-06,4.3011848305241074e-08
2025-07-24 23:11:00,1.254687390428444e-06,4.40638068255339e-08
2025-07-24 23:12:00,1.2593051224030205e-06,4.2839943148464954e-08
2025-07-24 23:13:00,1.2634943686862243e-06,4.7058264840416086e-08
2025-07-24 23:14:00,1.2520065411081305e-06,4.671608166972874e-08
2025-07-24 23:15:00,1.2447666222215048e-06,4.72738435064457e-08
2025-07-24 23:16:00,1.2410054068823229e-06,4.6083798110885255e-08
2025-07-24 23:17:00,1.2372593118925579e-06,4.526293650997104e-08
2025-07-24 23:18:00,1.2294736961848685e-06,4.9766569532039284e-08
2025-07-24 23:19:00,1.2166503893240588e-06,4.845463763558655e-08
2025-07-24 23:20:00,1.2087643881386612e-06,4.528417818505659e-08
2025-07-24 23:21:00,1.2015775610052515e-06,4.282362553453822e-08
2025-07-24 23:22:00,1.1943650406465167e-06,4.354969362907468e-08
2025-07-24 23:23:00,1.1912192121599219e-06,4.211813475762938e-08
2025-07-24 23:24:00,1.1801506616393453e-06,4.3908475078069387e-08
2025-07-24 23:25:00,1.1726732509487192e-06,4.186993507460102e-08
2025-07-24 23:26:00,1.1701935136443353e-06,4.130682640379746e-08
2025-07-24 23:27:00,1.1655183698167093e-06,4.087872795821568e-08
2025-07-24 23:28:00,1.157921815320151e-06,4.032986566926411e-08
2025-07-24 23:29:00,1.1510375088619185e-06,3.57966811748156e-08
2025-07-24 23:30:00,1.1435024589445675e-06,3.685877558723405e-08
2025-07-24 23:31:00,1.1340548553562257e-06,3.6115515911205875e-08
2025-07-24 23:32:00,1.1237457329116296e-06,3.307589935275246e-08
2025-07-24 23:33:00,1.1154792218803777e-06,3.375406620875765e-08
2025-07-24 23:34:00,1.1136986586279818e-06,3.224617017849596e-08
2025-07-24 23:35:00,1.1117125495729852e-06,3.1619372009572544e-08
2025-07-24 23:36:00,1.1108833177786437e-06,2.9515724975226476e-08
2025-07-24 23:37:00,1.1212863455511979e-06,2.8824704401131385e-08
2025-07-24 23:38:00,1.2138016245444305e-06,3.942896142916652e-08
2025-07-24 23:39:00,1.1385977813915815e-06,3.24537339224662e-08
2025-07-24 23:40:00,1.1131414794363081e-06,3.072195298159386e-08
2025-07-24 23:41:00,1.0936693115581875e-06,2.8910070781762442e-08
2025-07-24 23:42:00,1.0805313195305644e-06,2.820412525750271e-08
2025-07-24 23:43:00,1.0673564929675194e-06,2.8541471408516372e-08
2025-07-24 23:44:00,1.059088617694215e-06,2.6006961917346416e-08
2025-07-24 23:45:00,1.0476809393367148e-06,2.6390855722979722e-08
2025-07-24 23:46:00,1.043628913066641e-06,2.7069857466699432e-08
2025-07-24 23:47:00,1.0428369705550722e-06,2.711582958170311e-08
2025-07-24 23:48:00,1.0444983900015359e-06,2.4175514923285846e-08
2025-07-24 23:49:00,1.0477109526618733e-06,2.616736516358742e-08
2025-07-24 23:50:00,1.0520572004679707e-06,2.4188341996023155e-08
2025-07-24 23:51:00,1.054395852406742e-06,2.7466587226854244e-08
2025-07-24 23:52:00,1.0493500894881436e-06,2.6322895863017948e-08
2025-07-24 23:53:00,1.0437731816637097e-06,2.615166749819764e-08
2025-07-24 23:54:00,1.0423150342830922e-06,2.4605453674553246e-08
2025-07-24 23:55:00,1.0429373560327804e-06,2.7181739525872217e-08
2025-07-24 23:56:00,1.0387353768237517e-06,2.547494482030288e-08
2025-07-24 23:57:00,1.0413001518827514e-06,2.810834054400857e-08
2025-07-24 23:58:00,1.036069306792342e-06,2.475863070117157e-08
2025-07-24 23:59:00,1.031805027196242e-06,2.5941469417034568e-08
2025-07-25 00:00:00,1.0244126542602316e-06,2.6398938146598994e-08
2025-07-25 00:01:00,1.0170113000640413e-06,2.570940438317848e-08
2025-07-25 00:02:00,1.0091139301948715e-06,2.4344821270005923e-08
2025-07-25 00:03:00,1.0095508287122357e-06,2.7326338525313076e-08
2025-07-25 00:04:00,1.0085386747960001e-06,2.8228749116010476e-08
2025-07-25 00:05:00,1.0130479495273903e-06,2.812406485475094e-08
2025-07-25 00:06:00,1.018850753098377e-06,3.066647025207203e-08
2025-07-25 00:07:00,1.023805225486285e-06,3.333042997155644e-08
2025-07-25 00:08:00,1.050826654136472e-06,3.249952484907226e-08
2025-07-25 00:09:00,1.1160381063746172e-06,4.397052322246964e-08
2025-07-25 00:10:00,1.1257602636760566e-06,3.622773192546447e-08
2025-07-25 00:11:00,1.1081281172664603e-06,3.429913064678658e-08
2025-07-25 00:12:00,1.0890749990721815e-06,3.0727413502518175e-08
2025-07-25 00:13:00,1.0732142072811257e-06,2.8631506054921374e-08
2025-07-25 00:14:00,1.0621104138408555e-06,2.6546679521288752e-08
2025-07-25 00:15:00,1.0586796861389303e-06,2.38933850482681e-08
2025-07-25 00:16:00,1.0548975524216075e-06,2.4915827623317455e-08
2025-07-25 00:17:00,1.054672793543432e-06,1.9310116172732705e-08
2025-07-25 00:18:00,1.058425823430298e-06,2.2284565304175885e-08
2025-07-25 00:19:00,1.0755180710475543e-06,2.6537660957615117e-08
2025-07-25 00:20:00,1.091294393518183e-06,3.148079841253093e-08
2025-07-25 00:21:00,1.1163592716911808e-06,3.3382423936245686e-08
2025-07-25 00:22:00,1.1564935675778543e-06,3.576579032937843e-08
2025-07-25 00:23:00,1.1984708407908329e-06,3.96505619448817e-08
2025-07-25 00:24:00,1.234329147337121e-06,4.202664527497291e-08
2025-07-25 00:25:00,1.2540043599074124e-06,4.011254617353188e-08
2025-07-25 00:26:00,1.2557427453430137e-06,4.202791359375624e-08
2025-07-25 00:27:00,1.2694875977103948e-06,4.104411033267752e-08
2025-07-25 00:28:00,1.259196665159834e-06,3.874516707469411e-08
2025-07-25 00:29:00,1.218810666614445e-06,3.592648667449794e-08
2025-07-25 00:30:00,1.1959144785578246e-06,3.605522991279031e-08
2025-07-25 00:31:00,1.1755015520975576e-06,3.460022313106492e-08
2025-07-25 00:32:00,1.1521099168021465e-06,3.7588197443483296e-08
2025-07-25 00:33:00,1.1325765854053316e-06,3.6164205852173836e-08
2025-07-25 00:34:00,1.1181092531842296e-06,3.593611097585381e-08
2025-07-25 00:35:00,1.1068473213526886e-06,3.394213266005863e-08
2025-07-25 00:36:00,1.0954050821965211e-06,3.200261389224579e-08
2025-07-25 00:37:00,1.0892513273574878e-06,3.103133394688484e-08
2025-07-25 00:38:00,1.0804442354128696e-06,2.760548234448379e-08
2025-07-25 00:39:00,1.0762943247755175e-06,2.6991775925466754e-08
2025-07-25 00:40:00,1.069097606887226e-06,3.2136579619646e-08
2025-07-25 00:41:00,1.0680777222660254e-06,3.2059084276170324e-08
2025-07-25 00:42:00,1.0674900750018423e-06,3.4011904403996596e-08
2025-07-25 00:43:00,1.0722036449806183e-06,3.434963247173073e-08
2025-07-25 00:44:00,1.0827322967088548e-06,3.456599628748336e-08
2025-07-25 00:45:00,1.0879347200898337e-06,3.7286778109546503e-08
2025-07-25 00:46:00,1.0846529221453238e-06,3.255155789361197e-08
2025-07-25 00:47:00,1.083986376215762e-06,2.953410671580059e-08
2025-07-25 00:48:00,1.0737214779510396e-06,2.9579531712897733e-08
2025-07-25 00:49:00,1.0704599162636441e-06,3.0691275298977416e-08
2025-07-25 00:50:00,1.0649030173226492e-06,2.8764434389927374e-08
2025-07-25 00:51:00,1.0689968803490046e-06,3.063538400738253e-08
2025-07-25 00:52:00,1.0750810588433524e-06,3.337046905471652e-08
2025-07-25 00:53:00,1.073405201168498e-06,3.0260419947580885e-08
2025-07-25 00:54:00,1.0679368642740883e-06,2.8437835197792083e-08
2025-07-25 00:55:00,1.0653689059836324e-06,2.7541993574686785e-08
2025-07-25 00:56:00,1.1162851478729863e-06,3.083879818177593e-08
2025-07-25 00:57:00,1.2381382248349837e-06,4.274724929587137e-08
2025-07-25 00:58:00,2.125639866790152e-06,1.433385250493302e-07
2025-07-25 00:59:00,3.99943519369117e-06,3.6367853795127303e-07
2025-07-25 01:00:00,5.502653039002325e-06,7.162301471907995e-07
2025-07-25 01:01:00,7.430175173794851e-06,9.69514189819165e-07
2025-07-25 01:02:00,5.83578093937831e-06,4.575375385229563e-07
2025-07-25 01:03:00,3.47609034179186e-06,1.6210189812682074e-07
2025-07-25 01:04:00,2.1305452264641644e-06,7.704579729761463e-08
2025-07-25 01:05:00,1.6528584865227458e-06,5.496610455679729e-08
2025-07-25 01:06:00,1.436541197108454e-06,4.408460085869592e-08
2025-07-25 01:07:00,1.285943653783761e-06,3.4630044609684774e-08
2025-07-25 01:08:00,1.217195858771447e-06,3.607613763279005e-08
2025-07-25 01:09:00,1.1807122746176901e-06,3.506708168288242e-08
2025-07-25 01:10:00,1.1608193517531618e-06,3.305992635205257e-08
2025-07-25 01:11:00,1.1489976259326795e-06,3.288141670054756e-08
2025-07-25 01:12:00,1.1426183164076065e-06,2.7423141091276193e-08
