timestamp,long_flux,short_flux,goes_class
2025-08-01 00:00:00,1.0547598e-06,2.6584871e-08,C
2025-08-01 00:01:00,1.0528578e-06,2.7136593e-08,C
2025-08-01 00:02:00,1.0655857e-06,2.724137e-08,C
2025-08-01 00:03:00,1.0869367e-06,3.0594038e-08,C
2025-08-01 00:04:00,1.1365634e-06,3.6493564e-08,C
2025-08-01 00:05:00,1.0912635e-06,3.1390307e-08,C
2025-08-01 00:06:00,1.0959272e-06,3.041072e-08,C
2025-08-01 00:07:00,1.087466e-06,3.2633277e-08,C
2025-08-01 00:08:00,1.0722038e-06,2.78354e-08,C
2025-08-01 00:09:00,1.0642938e-06,2.8137299e-08,C
2025-08-01 00:10:00,1.0568234e-06,2.8908667e-08,C
2025-08-01 00:11:00,1.0676139e-06,2.796746e-08,C
2025-08-01 00:12:00,1.0534733e-06,2.8714597e-08,C
2025-08-01 00:13:00,1.0476209e-06,2.8260006e-08,C
2025-08-01 00:14:00,1.0458973e-06,2.8246168e-08,C
2025-08-01 00:15:00,1.0647896e-06,2.9256002e-08,C
2025-08-01 00:16:00,1.0812298e-06,2.9608552e-08,C
2025-08-01 00:17:00,1.0678607e-06,2.7124907e-08,C
2025-08-01 00:18:00,1.0584796e-06,2.5114156e-08,C
2025-08-01 00:19:00,1.0551249e-06,2.3650589e-08,C
2025-08-01 00:20:00,1.0560304e-06,2.2820767e-08,C
2025-08-01 00:21:00,1.0546665e-06,2.5598029e-08,C
2025-08-01 00:22:00,1.047575e-06,2.4298442e-08,C
2025-08-01 00:23:00,1.0412309e-06,2.5469932e-08,C
2025-08-01 00:24:00,1.036305e-06,2.6485546e-08,C
2025-08-01 00:25:00,1.03293e-06,2.4964534e-08,C
2025-08-01 00:26:00,1.0376319e-06,2.298606e-08,C
2025-08-01 00:27:00,1.0334118e-06,2.2243405e-08,C
2025-08-01 00:28:00,1.0282631e-06,2.14079e-08,C
2025-08-01 00:29:00,1.0318585e-06,2.2417677e-08,C
2025-08-01 00:30:00,1.0305215e-06,2.2730008e-08,C
2025-08-01 00:31:00,1.030358e-06,2.1371847e-08,C
2025-08-01 00:32:00,1.0290247e-06,2.2875795e-08,C
2025-08-01 00:33:00,1.0248507e-06,2.3404564e-08,C
2025-08-01 00:34:00,1.0272586e-06,2.1570685e-08,C
2025-08-01 00:35:00,1.0411717e-06,2.2243103e-08,C
2025-08-01 00:36:00,1.0295643e-06,2.170801e-08,C
2025-08-01 00:37:00,1.0281478e-06,2.1060993e-08,C
2025-08-01 00:38:00,1.029846e-06,2.0253673e-08,C
2025-08-01 00:39:00,1.0249282e-06,2.1219666e-08,C
2025-08-01 00:40:00,1.0254178e-06,2.1260833e-08,C
2025-08-01 00:41:00,1.0235668e-06,2.2989045e-08,C
2025-08-01 00:42:00,1.0262695e-06,2.0263098e-08,C
2025-08-01 00:43:00,1.0222835e-06,2.2735156e-08,C
2025-08-01 00:44:00,1.0216249e-06,2.2364603e-08,C
2025-08-01 00:45:00,1.0171641e-06,2.026607e-08,C
2025-08-01 00:46:00,1.0157955e-06,2.2458964e-08,C
2025-08-01 00:47:00,1.0172946e-06,2.186003e-08,C
2025-08-01 00:48:00,1.0161618e-06,1.9580575e-08,C
2025-08-01 00:49:00,1.0178903e-06,2.0652285e-08,C
2025-08-01 00:50:00,1.020356e-06,2.0534166e-08,C
2025-08-01 00:51:00,1.0343583e-06,2.2398803e-08,C
2025-08-01 00:52:00,1.0306853e-06,2.0331047e-08,C
2025-08-01 00:53:00,1.0362838e-06,1.9712017e-08,C
2025-08-01 00:54:00,1.0408822e-06,2.1156632e-08,C
2025-08-01 00:55:00,1.0453148e-06,2.3097192e-08,C
2025-08-01 00:56:00,1.0462072e-06,2.40093e-08,C
2025-08-01 00:57:00,1.0373443e-06,2.2986331e-08,C
2025-08-01 00:58:00,1.0370486e-06,2.260825e-08,C
2025-08-01 00:59:00,1.0399716e-06,2.2779012e-08,C
2025-08-01 01:00:00,1.0447565e-06,2.3789518e-08,C
2025-08-01 01:01:00,1.0529878e-06,2.3557828e-08,C
2025-08-01 01:02:00,1.0600321e-06,2.3474604e-08,C
2025-08-01 01:03:00,1.0657002e-06,2.5458826e-08,C
2025-08-01 01:04:00,1.0637395e-06,2.3639394e-08,C
2025-08-01 01:05:00,1.0663518e-06,2.218254e-08,C
2025-08-01 01:06:00,1.066166e-06,2.3967411e-08,C
2025-08-01 01:07:00,1.0673916e-06,2.3215316e-08,C
2025-08-01 01:08:00,1.0601977e-06,2.4043366e-08,C
2025-08-01 01:09:00,1.0503718e-06,2.132606e-08,C
2025-08-01 01:10:00,1.0413995e-06,2.1583979e-08,C
2025-08-01 01:11:00,1.0389651e-06,2.0289447e-08,C
2025-08-01 01:12:00,1.0311761e-06,1.9382396e-08,C
2025-08-01 01:13:00,1.0243697e-06,1.8733077e-08,C
2025-08-01 01:14:00,1.0188797e-06,1.9157966e-08,C
2025-08-01 01:15:00,1.0184588e-06,1.8556804e-08,C
2025-08-01 01:16:00,1.0152287e-06,1.8262376e-08,C
2025-08-01 01:17:00,1.0141503e-06,1.8941519e-08,C
2025-08-01 01:18:00,1.0124511e-06,1.9360044e-08,C
2025-08-01 01:19:00,1.0203199e-06,2.0213948e-08,C
2025-08-01 01:20:00,1.0195229e-06,1.9074085e-08,C
2025-08-01 01:21:00,1.0262825e-06,1.9215266e-08,C
2025-08-01 01:22:00,1.0337379e-06,2.0519272e-08,C
2025-08-01 01:23:00,1.0388732e-06,1.9926784e-08,C
2025-08-01 01:24:00,1.0371887e-06,1.8941597e-08,C
2025-08-01 01:25:00,1.0472475e-06,1.975685e-08,C
2025-08-01 01:26:00,1.0415323e-06,1.9197461e-08,C
2025-08-01 01:27:00,1.0298646e-06,1.9360073e-08,C
2025-08-01 01:28:00,1.0253851e-06,1.8973497e-08,C
2025-08-01 01:29:00,1.0165675e-06,1.7292411e-08,C
2025-08-01 01:30:00,1.0179997e-06,1.7408428e-08,C
2025-08-01 01:31:00,1.0270724e-06,1.9146965e-08,C
2025-08-01 01:32:00,1.0327057e-06,1.9976094e-08,C
2025-08-01 01:33:00,1.0460817e-06,2.0480943e-08,C
2025-08-01 01:34:00,1.0603162e-06,1.8369208e-08,C
2025-08-01 01:35:00,1.050204e-06,1.9070836e-08,C
2025-08-01 01:36:00,1.0395427e-06,1.7171525e-08,C
2025-08-01 01:37:00,1.0285502e-06,1.6168544e-08,C
2025-08-01 01:38:00,1.0217319e-06,1.5690908e-08,C
2025-08-01 01:39:00,1.0229135e-06,1.6120246e-08,C
2025-08-01 01:40:00,1.0298219e-06,1.7050318e-08,C
2025-08-01 01:41:00,1.0392317e-06,1.8238005e-08,C
2025-08-01 01:42:00,1.0463783e-06,1.7963005e-08,C
2025-08-01 01:43:00,1.0513136e-06,1.90001e-08,C
2025-08-01 01:44:00,1.045012e-06,1.759659e-08,C
2025-08-01 01:45:00,1.0418548e-06,1.7727444e-08,C
2025-08-01 01:46:00,1.0567037e-06,1.8402448e-08,C
2025-08-01 01:47:00,1.1454285e-06,2.5133463e-08,C
2025-08-01 01:48:00,1.4174007e-06,6.1277134e-08,C
2025-08-01 01:49:00,1.6572633e-06,8.156941e-08,C
2025-08-01 01:50:00,1.6509899e-06,7.0879366e-08,C
2025-08-01 01:51:00,1.5853342e-06,5.7443632e-08,C
2025-08-01 01:52:00,1.4173149e-06,3.6502612e-08,C
2025-08-01 01:53:00,1.4748932e-06,5.105665e-08,C
2025-08-01 01:54:00,1.9671163e-06,1.1205699e-07,C
2025-08-01 01:55:00,1.8404065e-06,9.84305e-08,C
2025-08-01 01:56:00,1.7243943e-06,8.2044785e-08,C
2025-08-01 01:57:00,1.707152e-06,7.623852e-08,C
2025-08-01 01:58:00,1.5662863e-06,5.49819e-08,C
2025-08-01 01:59:00,1.4078242e-06,3.805176e-08,C
2025-08-01 02:00:00,1.3030068e-06,2.8079516e-08,C
2025-08-01 02:01:00,1.2474977e-06,2.4767958e-08,C
2025-08-01 02:02:00,1.2153731e-06,2.1382643e-08,C
2025-08-01 02:03:00,1.1944682e-06,2.0790605e-08,C
2025-08-01 02:04:00,1.1847169e-06,1.8892962e-08,C
2025-08-01 02:05:00,1.1936268e-06,1.9081208e-08,C
2025-08-01 02:06:00,1.1793866e-06,1.9918065e-08,C
2025-08-01 02:07:00,1.1596551e-06,1.6761556e-08,C
2025-08-01 02:08:00,1.1329735e-06,1.5031846e-08,C
2025-08-01 02:09:00,1.108465e-06,1.3365464e-08,C
2025-08-01 02:10:00,1.0937115e-06,1.4165794e-08,C
2025-08-01 02:11:00,1.0958256e-06,1.3040012e-08,C
2025-08-01 02:12:00,1.1095525e-06,1.460348e-08,C
2025-08-01 02:13:00,1.1528668e-06,1.703665e-08,C
2025-08-01 02:14:00,1.1923821e-06,1.8085174e-08,C
2025-08-01 02:15:00,1.2106926e-06,1.9595653e-08,C
2025-08-01 02:16:00,1.1993495e-06,1.736593e-08,C
2025-08-01 02:17:00,1.1960587e-06,1.7207489e-08,C
2025-08-01 02:18:00,1.2100853e-06,1.789726e-08,C
2025-08-01 02:19:00,1.2172447e-06,1.8957811e-08,C
2025-08-01 02:20:00,1.2142953e-06,1.7655147e-08,C
2025-08-01 02:21:00,1.228567e-06,1.9986661e-08,C
2025-08-01 02:22:00,1.2242243e-06,1.8128626e-08,C
2025-08-01 02:23:00,1.2161454e-06,1.8762934e-08,C
2025-08-01 02:24:00,1.2269103e-06,1.8208132e-08,C
2025-08-01 02:25:00,1.2268986e-06,1.8383586e-08,C
2025-08-01 02:26:00,1.2241983e-06,1.7942213e-08,C
2025-08-01 02:27:00,1.2205519e-06,1.8131079e-08,C
2025-08-01 02:28:00,1.2184187e-06,1.7674601e-08,C
2025-08-01 02:29:00,1.2110439e-06,1.7234493e-08,C
2025-08-01 02:30:00,1.1958546e-06,1.7571953e-08,C
2025-08-01 02:31:00,1.1792149e-06,1.5244431e-08,C
2025-08-01 02:32:00,1.1701445e-06,1.494756e-08,C
2025-08-01 02:33:00,1.1567533e-06,1.3658296e-08,C
2025-08-01 02:34:00,1.1431814e-06,1.5067643e-08,C
2025-08-01 02:35:00,1.1347773e-06,1.4303897e-08,C
2025-08-01 02:36:00,1.126971e-06,1.2673175e-08,C
2025-08-01 02:37:00,1.1176085e-06,1.1657766e-08,C
2025-08-01 02:38:00,1.1120057e-06,1.2701944e-08,C
2025-08-01 02:39:00,1.1085604e-06,1.0071989e-08,C
2025-08-01 02:40:00,1.0920767e-06,9.327357e-09,C
2025-08-01 02:41:00,1.0787606e-06,8.089593e-09,C
2025-08-01 02:42:00,1.0732797e-06,1.097551e-08,C
2025-08-01 02:43:00,1.1983317e-06,2.2691236e-08,C
2025-08-01 02:44:00,1.5005387e-06,5.446466e-08,C
2025-08-01 02:45:00,1.8032054e-06,9.149157e-08,C
2025-08-01 02:46:00,1.7858771e-06,7.946632e-08,C
2025-08-01 02:47:00,1.5396273e-06,5.6625073e-08,C
2025-08-01 02:48:00,1.5061605e-06,5.4060997e-08,C
2025-08-01 02:49:00,1.4928902e-06,5.0292748e-08,C
2025-08-01 02:50:00,1.4102666e-06,3.9232802e-08,C
2025-08-01 02:51:00,1.3351232e-06,3.02305e-08,C
2025-08-01 02:52:00,1.2876114e-06,2.689836e-08,C
2025-08-01 02:53:00,1.2509545e-06,2.1812424e-08,C
2025-08-01 02:54:00,1.2247413e-06,1.9372903e-08,C
2025-08-01 02:55:00,1.2138057e-06,2.0132992e-08,C
2025-08-01 02:56:00,1.2262359e-06,2.13522e-08,C
2025-08-01 02:57:00,1.2178232e-06,1.9875026e-08,C
2025-08-01 02:58:00,1.2002121e-06,1.624539e-08,C
2025-08-01 02:59:00,1.1789225e-06,1.3300846e-08,C
2025-08-01 03:00:00,1.1749364e-06,1.32878055e-08,C
2025-08-01 03:01:00,1.1866339e-06,1.5457154e-08,C
2025-08-01 03:02:00,1.1870185e-06,1.8385702e-08,C
2025-08-01 03:03:00,1.1975588e-06,1.9906642e-08,C
2025-08-01 03:04:00,1.1831388e-06,1.692169e-08,C
2025-08-01 03:05:00,1.1790603e-06,1.6558191e-08,C
2025-08-01 03:06:00,1.1689157e-06,1.4927906e-08,C
2025-08-01 03:07:00,1.1485455e-06,1.3818765e-08,C
2025-08-01 03:08:00,1.1305548e-06,1.3019375e-08,C
2025-08-01 03:09:00,1.1154154e-06,1.1111662e-08,C
2025-08-01 03:10:00,1.1010529e-06,1.1487468e-08,C
2025-08-01 03:11:00,1.090937e-06,1.1930959e-08,C
2025-08-01 03:12:00,1.0842124e-06,1.1192559e-08,C
2025-08-01 03:13:00,1.0885085e-06,1.0498203e-08,C
2025-08-01 03:14:00,1.0990698e-06,1.0579692e-08,C
2025-08-01 03:15:00,1.1115085e-06,1.24992985e-08,C
2025-08-01 03:16:00,1.3899228e-06,4.1743018e-08,C
2025-08-01 03:17:00,1.2867182e-06,2.8893442e-08,C
2025-08-01 03:18:00,1.2159459e-06,2.490093e-08,C
2025-08-01 03:19:00,1.2634717e-06,2.7919173e-08,C
2025-08-01 03:20:00,1.2916246e-06,2.8312375e-08,C
2025-08-01 03:21:00,1.2947189e-06,3.0584513e-08,C
2025-08-01 03:22:00,1.3266214e-06,3.177794e-08,C
2025-08-01 03:23:00,1.3729872e-06,3.4102694e-08,C
2025-08-01 03:24:00,1.4360397e-06,4.094757e-08,C
2025-08-01 03:25:00,1.5076926e-06,4.998999e-08,C
2025-08-01 03:26:00,1.5763192e-06,5.8518165e-08,C
2025-08-01 03:27:00,1.6442291e-06,6.9447935e-08,C
2025-08-01 03:28:00,1.7391894e-06,8.204744e-08,C
2025-08-01 03:29:00,1.8722163e-06,9.905473e-08,C
2025-08-01 03:30:00,1.9786949e-06,1.1041247e-07,C
2025-08-01 03:31:00,2.074443e-06,1.2457082e-07,C
2025-08-01 03:32:00,2.1647475e-06,1.334823e-07,C
2025-08-01 03:33:00,2.2342415e-06,1.3567016e-07,C
2025-08-01 03:34:00,2.2962427e-06,1.372411e-07,C
2025-08-01 03:35:00,2.3352752e-06,1.3563677e-07,C
2025-08-01 03:36:00,2.366296e-06,1.3271456e-07,C
2025-08-01 03:37:00,2.4004592e-06,1.3217588e-07,C
2025-08-01 03:38:00,2.4456642e-06,1.3023845e-07,C
2025-08-01 03:39:00,2.4658593e-06,1.2570014e-07,C
2025-08-01 03:40:00,2.4366414e-06,1.199926e-07,C
2025-08-01 03:41:00,2.398397e-06,1.1238105e-07,C
2025-08-01 03:42:00,2.3594935e-06,1.0466985e-07,C
2025-08-01 03:43:00,2.3257635e-06,1.00636626e-07,C
2025-08-01 03:44:00,2.309628e-06,9.6212375e-08,C
2025-08-01 03:45:00,2.2933639e-06,9.201851e-08,C
2025-08-01 03:46:00,2.2728502e-06,8.708613e-08,C
2025-08-01 03:47:00,2.2238157e-06,8.0211734e-08,C
2025-08-01 03:48:00,2.177961e-06,7.4635686e-08,C
2025-08-01 03:49:00,2.1308024e-06,7.0107475e-08,C
2025-08-01 03:50:00,2.0888501e-06,6.3243114e-08,C
2025-08-01 03:51:00,2.0427206e-06,6.0075166e-08,C
2025-08-01 03:52:00,1.9968145e-06,5.3954313e-08,C
2025-08-01 03:53:00,1.9527185e-06,5.0632057e-08,C
2025-08-01 03:54:00,1.9147715e-06,4.6034444e-08,C
2025-08-01 03:55:00,1.8718431e-06,4.475169e-08,C
2025-08-01 03:56:00,1.8322936e-06,4.2757556e-08,C
2025-08-01 03:57:00,1.7947776e-06,3.7406018e-08,C
2025-08-01 03:58:00,1.7594494e-06,3.5439207e-08,C
2025-08-01 03:59:00,1.733401e-06,3.5094804e-08,C
2025-08-01 04:00:00,1.7097228e-06,3.0875754e-08,C
2025-08-01 04:01:00,1.6982857e-06,3.234272e-08,C
2025-08-01 04:02:00,1.669622e-06,2.9802182e-08,C
2025-08-01 04:03:00,1.6406491e-06,2.8861262e-08,C
2025-08-01 04:04:00,1.6162223e-06,2.6323185e-08,C
2025-08-01 04:05:00,1.5877807e-06,2.449653e-08,C
2025-08-01 04:06:00,1.5575114e-06,2.2615499e-08,C
2025-08-01 04:07:00,1.5324784e-06,2.1246397e-08,C
2025-08-01 04:08:00,1.5068845e-06,2.0656012e-08,C
2025-08-01 04:09:00,1.4834925e-06,1.9114779e-08,C
2025-08-01 04:10:00,1.4628486e-06,1.7543918e-08,C
2025-08-01 04:11:00,1.4451135e-06,1.9050914e-08,C
2025-08-01 04:12:00,1.4279616e-06,1.5422525e-08,C
2025-08-01 04:13:00,1.4150287e-06,1.5696004e-08,C
2025-08-01 04:14:00,1.4091181e-06,1.5978056e-08,C
2025-08-01 04:15:00,1.3888856e-06,1.43130015e-08,C
2025-08-01 04:16:00,1.375333e-06,1.4465671e-08,C
2025-08-01 04:17:00,1.3671809e-06,1.3457021e-08,C
2025-08-01 04:18:00,1.3550004e-06,1.3452942e-08,C
2025-08-01 04:19:00,1.3431327e-06,1.0737935e-08,C
2025-08-01 04:20:00,1.3364274e-06,1.2259644e-08,C
2025-08-01 04:21:00,1.3318374e-06,1.3465882e-08,C
2025-08-01 04:22:00,1.3313349e-06,1.2636913e-08,C
2025-08-01 04:23:00,1.3282045e-06,1.2666945e-08,C
2025-08-01 04:24:00,1.3128052e-06,1.3908679e-08,C
2025-08-01 04:25:00,1.2973895e-06,1.33965345e-08,C
2025-08-01 04:26:00,1.2803113e-06,1.1457027e-08,C
2025-08-01 04:27:00,1.2679286e-06,1.2535125e-08,C
2025-08-01 04:28:00,1.2607225e-06,9.828643e-09,C
2025-08-01 04:29:00,1.254147e-06,1.0769903e-08,C
2025-08-01 04:30:00,1.2518287e-06,1.1596659e-08,C
2025-08-01 04:31:00,1.2514032e-06,1.1772177e-08,C
2025-08-01 04:32:00,1.2445653e-06,1.0544715e-08,C
2025-08-01 04:33:00,1.2400503e-06,1.107621e-08,C
2025-08-01 04:34:00,1.242032e-06,9.55731e-09,C
2025-08-01 04:35:00,1.2478909e-06,1.0447993e-08,C
2025-08-01 04:36:00,1.2541444e-06,1.1499552e-08,C
2025-08-01 04:37:00,1.2703662e-06,1.2339549e-08,C
2025-08-01 04:38:00,1.2941571e-06,1.3150717e-08,C
2025-08-01 04:39:00,1.3214868e-06,1.7178385e-08,C
2025-08-01 04:40:00,1.3440177e-06,1.8070192e-08,C
2025-08-01 04:41:00,1.3630139e-06,1.97461e-08,C
2025-08-01 04:42:00,1.3797066e-06,2.1843988e-08,C
2025-08-01 04:43:00,1.3998678e-06,2.2721467e-08,C
2025-08-01 04:44:00,1.428695e-06,2.3813813e-08,C
2025-08-01 04:45:00,1.4554776e-06,2.3877735e-08,C
2025-08-01 04:46:00,1.4595332e-06,2.3343574e-08,C
2025-08-01 04:47:00,1.460523e-06,2.1731225e-08,C
2025-08-01 04:48:00,1.4541384e-06,2.1607864e-08,C
2025-08-01 04:49:00,1.4511548e-06,2.0384363e-08,C
2025-08-01 04:50:00,1.4496803e-06,2.0836563e-08,C
2025-08-01 04:51:00,1.4538731e-06,2.1017144e-08,C
2025-08-01 04:52:00,1.4666764e-06,2.0731944e-08,C
2025-08-01 04:53:00,1.4499267e-06,1.9839419e-08,C
2025-08-01 04:54:00,1.4510061e-06,2.0508233e-08,C
2025-08-01 04:55:00,1.5323462e-06,3.1663e-08,C
2025-08-01 04:56:00,1.5747823e-06,3.4255073e-08,C
2025-08-01 04:57:00,1.5871178e-06,3.259838e-08,C
2025-08-01 04:58:00,1.5876705e-06,3.243695e-08,C
2025-08-01 04:59:00,1.6090606e-06,3.3742058e-08,C
2025-08-01 05:00:00,1.6589331e-06,3.873385e-08,C
2025-08-01 05:01:00,1.6608199e-06,3.6786844e-08,C
2025-08-01 05:02:00,1.6358711e-06,3.224964e-08,C
2025-08-01 05:03:00,1.6024331e-06,2.724512e-08,C
2025-08-01 05:04:00,1.554201e-06,2.3188775e-08,C
2025-08-01 05:05:00,1.5184364e-06,2.0946697e-08,C
2025-08-01 05:06:00,1.4836186e-06,1.8093626e-08,C
2025-08-01 05:07:00,1.4450655e-06,1.3823864e-08,C
2025-08-01 05:08:00,1.4309255e-06,1.5709476e-08,C
2025-08-01 05:09:00,1.3957921e-06,1.2015614e-08,C
2025-08-01 05:10:00,1.3735416e-06,1.1798943e-08,C
2025-08-01 05:11:00,1.3320026e-06,1.187395e-08,C
2025-08-01 05:12:00,1.30041e-06,8.85283e-09,C
2025-08-01 05:13:00,1.3006869e-06,1.0598308e-08,C
2025-08-01 05:14:00,1.3087889e-06,1.1130164e-08,C
2025-08-01 05:15:00,1.3196752e-06,1.2717148e-08,C
2025-08-01 05:16:00,1.3227459e-06,1.4757215e-08,C
2025-08-01 05:17:00,1.3043472e-06,1.2398864e-08,C
2025-08-01 05:18:00,1.2825741e-06,1.280968e-08,C
2025-08-01 05:19:00,1.2554781e-06,8.790003e-09,C
2025-08-01 05:20:00,1.2425912e-06,7.33118e-09,C
2025-08-01 05:21:00,1.2442235e-06,7.648879e-09,C
2025-08-01 05:22:00,1.2674002e-06,8.328106e-09,C
2025-08-01 05:23:00,1.289117e-06,1.1346532e-08,C
2025-08-01 05:24:00,1.3009272e-06,1.44921675e-08,C
2025-08-01 05:25:00,1.3203711e-06,1.7627734e-08,C
2025-08-01 05:26:00,1.3367179e-06,1.56714e-08,C
2025-08-01 05:27:00,1.3292065e-06,1.4875661e-08,C
2025-08-01 05:28:00,1.3183297e-06,1.4198184e-08,C
2025-08-01 05:29:00,1.3106296e-06,1.4203913e-08,C
2025-08-01 05:30:00,1.3068545e-06,1.4290041e-08,C
2025-08-01 05:31:00,1.2795356e-06,1.2167263e-08,C
2025-08-01 05:32:00,1.2476378e-06,9.986876e-09,C
2025-08-01 05:33:00,1.2173135e-06,9.451418e-09,C
2025-08-01 05:34:00,1.1986463e-06,8.149655e-09,C
2025-08-01 05:35:00,1.1846906e-06,5.55616e-09,C
2025-08-01 05:36:00,1.1757189e-06,6.8229946e-09,C
2025-08-01 05:37:00,1.1782665e-06,7.2417703e-09,C
2025-08-01 05:38:00,1.1942666e-06,7.578576e-09,C
2025-08-01 05:39:00,1.2119825e-06,7.4400552e-09,C
2025-08-01 05:40:00,1.2364712e-06,8.749392e-09,C
2025-08-01 05:41:00,1.2504554e-06,9.322849e-09,C
2025-08-01 05:42:00,1.2739343e-06,1.1644513e-08,C
2025-08-01 05:43:00,1.3004723e-06,1.4194292e-08,C
2025-08-01 05:44:00,1.3140356e-06,1.3913537e-08,C
2025-08-01 05:45:00,1.312573e-06,1.3495738e-08,C
2025-08-01 05:46:00,1.2891057e-06,1.0104494e-08,C
2025-08-01 05:47:00,1.264836e-06,9.471321e-09,C
2025-08-01 05:48:00,1.2303727e-06,7.489392e-09,C
2025-08-01 05:49:00,1.2028949e-06,4.571617e-09,C
2025-08-01 05:50:00,1.1902231e-06,6.2574697e-09,C
2025-08-01 05:51:00,1.1922867e-06,7.4018915e-09,C
2025-08-01 05:52:00,1.220752e-06,1.1044897e-08,C
2025-08-01 05:53:00,1.229842e-06,1.0137241e-08,C
2025-08-01 05:54:00,1.2124752e-06,9.925579e-09,C
2025-08-01 05:55:00,1.1915006e-06,7.087351e-09,C
2025-08-01 05:56:00,1.1958034e-06,7.8742834e-09,C
2025-08-01 05:57:00,1.2623526e-06,1.2903443e-08,C
2025-08-01 05:58:00,1.2924434e-06,1.4915857e-08,C
2025-08-01 05:59:00,1.2292982e-06,1.1209157e-08,C
2025-08-01 06:00:00,1.1509493e-06,5.9976615e-09,C
2025-08-01 06:01:00,1.1166869e-06,4.8686366e-09,C
2025-08-01 06:02:00,1.0992297e-06,5.304504e-09,C
2025-08-01 06:03:00,1.0945352e-06,4.1033728e-09,C
2025-08-01 06:04:00,1.1041726e-06,4.6297246e-09,C
2025-08-01 06:05:00,1.1064302e-06,5.665003e-09,C
2025-08-01 06:06:00,1.1219848e-06,5.444415e-09,C
2025-08-01 06:07:00,1.1410617e-06,6.9590764e-09,C
2025-08-01 06:08:00,1.1290239e-06,5.730735e-09,C
2025-08-01 06:09:00,1.1232182e-06,4.7336806e-09,C
2025-08-01 06:10:00,1.110565e-06,4.7891127e-09,C
2025-08-01 06:11:00,1.1078398e-06,4.2740744e-09,C
2025-08-01 06:12:00,1.100128e-06,4.0202535e-09,C
2025-08-01 06:13:00,1.092967e-06,3.4713092e-09,C
2025-08-01 06:14:00,1.0886831e-06,3.237489e-09,C
2025-08-01 06:15:00,1.0919309e-06,3.2187832e-09,C
2025-08-01 06:16:00,1.0937365e-06,4.785594e-09,C
2025-08-01 06:17:00,1.0854802e-06,3.1000609e-09,C
2025-08-01 06:18:00,1.0857035e-06,4.173025e-09,C
2025-08-01 06:19:00,1.0932215e-06,4.016368e-09,C
2025-08-01 06:20:00,1.1029991e-06,4.568222e-09,C
2025-08-01 06:21:00,1.106281e-06,5.534537e-09,C
2025-08-01 06:22:00,1.1033728e-06,3.8002197e-09,C
2025-08-01 06:23:00,1.0980162e-06,3.4676815e-09,C
2025-08-01 06:24:00,1.1056919e-06,4.677366e-09,C
2025-08-01 06:25:00,1.1164188e-06,4.996357e-09,C
2025-08-01 06:26:00,1.107671e-06,3.503805e-09,C
2025-08-01 06:27:00,1.1027288e-06,3.893244e-09,C
2025-08-01 06:28:00,1.1145708e-06,6.4772765e-09,C
2025-08-01 06:29:00,1.1220546e-06,5.3473737e-09,C
2025-08-01 06:30:00,1.1131425e-06,3.7932284e-09,C
2025-08-01 06:31:00,1.1028345e-06,3.578117e-09,C
2025-08-01 06:32:00,1.0901067e-06,1.7044601e-09,C
2025-08-01 06:33:00,1.0902014e-06,3.0902192e-09,C
2025-08-01 06:34:00,1.1037873e-06,4.612347e-09,C
2025-08-01 06:35:00,1.0937047e-06,3.4575827e-09,C
2025-08-01 06:36:00,1.0904129e-06,2.9678693e-09,C
2025-08-01 06:37:00,1.0841104e-06,3.3427447e-09,C
2025-08-01 06:38:00,1.074332e-06,2.8714826e-09,C
2025-08-01 06:39:00,1.0733592e-06,3.5916472e-09,C
2025-08-01 06:40:00,1.07131e-06,3.6693262e-09,C
2025-08-01 06:41:00,1.0658778e-06,3.2791108e-09,C
2025-08-01 06:42:00,1.0603001e-06,4.6435713e-09,C
2025-08-01 06:43:00,1.0572e-06,2.0879418e-09,C
2025-08-01 06:44:00,1.0522858e-06,1.7572169e-09,C
2025-08-01 06:45:00,1.0525961e-06,2.7475788e-09,C
2025-08-01 06:46:00,1.0531104e-06,2.3584e-09,C
2025-08-01 06:47:00,1.0699845e-06,4.053583e-09,C
2025-08-01 06:48:00,1.101826e-06,7.481106e-09,C
2025-08-01 06:49:00,1.151947e-06,9.167761e-09,C
2025-08-01 06:50:00,1.221012e-06,1.3737712e-08,C
2025-08-01 06:51:00,1.2944929e-06,2.0262352e-08,C
2025-08-01 06:52:00,1.3649396e-06,2.2288688e-08,C
2025-08-01 06:53:00,1.397754e-06,2.0412477e-08,C
2025-08-01 06:54:00,1.4038404e-06,2.109468e-08,C
2025-08-01 06:55:00,1.3846537e-06,2.0130878e-08,C
2025-08-01 06:56:00,1.3635688e-06,1.9677106e-08,C
2025-08-01 06:57:00,1.345719e-06,1.893326e-08,C
2025-08-01 06:58:00,1.3294685e-06,1.7609434e-08,C
2025-08-01 06:59:00,1.3124508e-06,1.7964032e-08,C
2025-08-01 07:00:00,1.293659e-06,1.2864237e-08,C
2025-08-01 07:01:00,1.2785581e-06,1.3306698e-08,C
2025-08-01 07:02:00,1.2665972e-06,1.3035489e-08,C
2025-08-01 07:03:00,1.2524562e-06,1.2408495e-08,C
2025-08-01 07:04:00,1.2366914e-06,1.2072946e-08,C
2025-08-01 07:05:00,1.2235472e-06,1.1680154e-08,C
2025-08-01 07:06:00,1.2123202e-06,9.825844e-09,C
2025-08-01 07:07:00,1.1945667e-06,1.2241944e-08,C
2025-08-01 07:08:00,1.1731721e-06,8.243972e-09,C
2025-08-01 07:09:00,1.158743e-06,7.635223e-09,C
2025-08-01 07:10:00,1.1568673e-06,7.660893e-09,C
2025-08-01 07:11:00,1.15041e-06,7.567415e-09,C
2025-08-01 07:12:00,1.1383154e-06,6.1304863e-09,C
2025-08-01 07:13:00,1.1252251e-06,6.2401897e-09,C
2025-08-01 07:14:00,1.1195215e-06,6.2030128e-09,C
2025-08-01 07:15:00,1.115141e-06,7.2658692e-09,C
2025-08-01 07:16:00,1.1382542e-06,8.435909e-09,C
2025-08-01 07:17:00,1.1739644e-06,1.1460947e-08,C
2025-08-01 07:18:00,1.1921013e-06,1.3149837e-08,C
2025-08-01 07:19:00,1.1790956e-06,9.564016e-09,C
2025-08-01 07:20:00,1.1471216e-06,9.4110355e-09,C
2025-08-01 07:21:00,1.12528e-06,8.849741e-09,C
2025-08-01 07:22:00,1.1220021e-06,7.3883233e-09,C
2025-08-01 07:23:00,1.1128394e-06,7.786766e-09,C
2025-08-01 07:24:00,1.0919701e-06,6.144917e-09,C
2025-08-01 07:25:00,1.0761515e-06,4.20822e-09,C
2025-08-01 07:26:00,1.0624618e-06,3.7413592e-09,C
2025-08-01 07:27:00,1.048694e-06,2.1999862e-09,C
2025-08-01 07:28:00,1.0427291e-06,2.8640244e-09,C
2025-08-01 07:29:00,1.0338955e-06,2.0841116e-09,C
2025-08-01 07:30:00,1.0266484e-06,2.2802578e-09,C
2025-08-01 07:31:00,1.0417431e-06,3.6026353e-09,C
2025-08-01 07:32:00,1.03824e-06,5.0747286e-09,C
2025-08-01 07:33:00,1.0313746e-06,3.0570595e-09,C
2025-08-01 07:34:00,1.0144753e-06,3.875162e-09,C
2025-08-01 07:35:00,9.973629e-07,3.6226384e-09,B
2025-08-01 07:36:00,9.87241e-07,3.0580962e-09,B
2025-08-01 07:37:00,9.774088e-07,1.5772476e-09,B
2025-08-01 07:38:00,9.71566e-07,1.1667701e-09,B
2025-08-01 07:39:00,9.699974e-07,8.355271e-10,B
2025-08-01 07:40:00,9.673684e-07,7.193936e-10,B
2025-08-01 07:41:00,9.631113e-07,4.6401974e-10,B
2025-08-01 07:42:00,9.569776e-07,-2.0903077e-09,B
2025-08-01 07:43:00,9.5218945e-07,-3.7330947e-10,B
2025-08-01 07:44:00,9.4779654e-07,-2.7692154e-10,B
2025-08-01 07:45:00,9.484468e-07,-1.2524591e-09,B
2025-08-01 07:46:00,9.5141917e-07,-2.1846243e-09,B
2025-08-01 07:47:00,9.520668e-07,-2.9459377e-10,B
2025-08-01 07:48:00,9.461696e-07,-2.9796157e-10,B
2025-08-01 07:49:00,9.3257296e-07,1.084425e-09,B
2025-08-01 07:50:00,9.271961e-07,-2.336093e-11,B
2025-08-01 07:51:00,9.226573e-07,-9.988965e-10,B
2025-08-01 07:52:00,9.277042e-07,-1.175039e-09,B
2025-08-01 07:53:00,9.182869e-07,-1.7003519e-09,B
2025-08-01 07:54:00,9.098807e-07,-7.297377e-10,B
2025-08-01 07:55:00,9.025386e-07,4.8619702e-11,B
2025-08-01 07:56:00,9.079306e-07,1.0059682e-09,B
2025-08-01 07:57:00,9.3365594e-07,1.5325772e-09,B
2025-08-01 07:58:00,9.2361677e-07,1.0046729e-09,B
2025-08-01 07:59:00,9.0354274e-07,3.6348652e-10,B
2025-08-01 08:00:00,8.9261596e-07,2.7932845e-10,B
2025-08-01 08:01:00,8.86403e-07,-1.8778987e-10,B
2025-08-01 08:02:00,8.8500957e-07,7.0954814e-10,B
2025-08-01 08:03:00,8.7983636e-07,8.664646e-10,B
2025-08-01 08:04:00,8.776015e-07,1.781733e-09,B
2025-08-01 08:05:00,8.823756e-07,2.7515699e-09,B
2025-08-01 08:06:00,8.893476e-07,4.236045e-09,B
2025-08-01 08:07:00,9.006717e-07,4.7608593e-09,B
2025-08-01 08:08:00,9.066073e-07,4.3659587e-09,B
2025-08-01 08:09:00,9.02011e-07,3.583455e-09,B
2025-08-01 08:10:00,8.9189524e-07,2.1808058e-09,B
2025-08-01 08:11:00,8.847614e-07,3.6780285e-09,B
2025-08-01 08:12:00,8.802976e-07,4.577698e-09,B
2025-08-01 08:13:00,8.793539e-07,1.6492736e-09,B
2025-08-01 08:14:00,8.79314e-07,2.5655775e-09,B
2025-08-01 08:15:00,8.838379e-07,3.5964574e-09,B
2025-08-01 08:16:00,8.822611e-07,3.6528403e-09,B
2025-08-01 08:17:00,8.767082e-07,1.1200739e-09,B
2025-08-01 08:18:00,8.705119e-07,2.0524937e-09,B
2025-08-01 08:19:00,8.691906e-07,1.0220094e-10,B
2025-08-01 08:20:00,8.6523505e-07,2.352243e-10,B
2025-08-01 08:21:00,8.684191e-07,1.2663641e-09,B
2025-08-01 08:22:00,8.728544e-07,7.200122e-10,B
2025-08-01 08:23:00,8.730314e-07,1.4391336e-09,B
2025-08-01 08:24:00,8.733576e-07,1.8246824e-09,B
2025-08-01 08:25:00,8.729808e-07,2.9540235e-09,B
2025-08-01 08:26:00,8.719135e-07,3.2855225e-09,B
2025-08-01 08:27:00,8.712767e-07,2.4456017e-09,B
2025-08-01 08:28:00,8.6912115e-07,3.3359375e-09,B
2025-08-01 08:29:00,8.665252e-07,5.634877e-09,B
2025-08-01 08:30:00,8.635881e-07,1.9304407e-09,B
2025-08-01 08:31:00,8.647206e-07,2.0237145e-09,B
2025-08-01 08:32:00,8.681211e-07,3.094856e-09,B
2025-08-01 08:33:00,8.815215e-07,5.05063e-09,B
2025-08-01 08:34:00,9.2932925e-07,7.206495e-09,B
2025-08-01 08:35:00,9.684499e-07,1.0471756e-08,B
2025-08-01 08:36:00,9.878778e-07,1.1541834e-08,B
2025-08-01 08:37:00,9.892203e-07,1.256825e-08,B
2025-08-01 08:38:00,9.912869e-07,9.575409e-09,B
2025-08-01 08:39:00,1.0426994e-06,1.4650292e-08,C
2025-08-01 08:40:00,1.0944989e-06,1.6928299e-08,C
2025-08-01 08:41:00,1.0480086e-06,1.4329084e-08,C
2025-08-01 08:42:00,1.0341723e-06,1.2067706e-08,C
2025-08-01 08:43:00,1.0280963e-06,1.1313618e-08,C
2025-08-01 08:44:00,1.0181947e-06,8.705681e-09,C
2025-08-01 08:45:00,1.0116527e-06,8.467068e-09,C
2025-08-01 08:46:00,9.995118e-07,8.8215835e-09,B
2025-08-01 08:47:00,9.977294e-07,7.2738366e-09,B
2025-08-01 08:48:00,9.959789e-07,6.4995547e-09,B
2025-08-01 08:49:00,9.892555e-07,5.8027507e-09,B
2025-08-01 08:50:00,9.850929e-07,6.2977863e-09,B
2025-08-01 08:51:00,9.745282e-07,5.4678706e-09,B
2025-08-01 08:52:00,9.703381e-07,4.2168833e-09,B
2025-08-01 08:53:00,9.72895e-07,4.6775654e-09,B
2025-08-01 08:54:00,9.8301e-07,5.1671267e-09,B
2025-08-01 08:55:00,9.919627e-07,7.1102635e-09,B
2025-08-01 08:56:00,9.8367e-07,6.531194e-09,B
2025-08-01 08:57:00,9.80982e-07,5.596169e-09,B
2025-08-01 08:58:00,9.8568e-07,6.4501826e-09,B
2025-08-01 08:59:00,9.767508e-07,5.324362e-09,B
2025-08-01 09:00:00,9.696575e-07,4.089925e-09,B
2025-08-01 09:01:00,9.70623e-07,4.069661e-09,B
2025-08-01 09:02:00,9.687864e-07,4.7305857e-09,B
2025-08-01 09:03:00,9.574903e-07,4.5375543e-09,B
2025-08-01 09:04:00,9.547239e-07,4.904131e-09,B
2025-08-01 09:05:00,9.535267e-07,5.8257417e-09,B
2025-08-01 09:06:00,9.798526e-07,6.1836603e-09,B
2025-08-01 09:07:00,9.737695e-07,6.507165e-09,B
2025-08-01 09:08:00,9.68842e-07,7.908733e-09,B
2025-08-01 09:09:00,9.822809e-07,5.5387672e-09,B
2025-08-01 09:10:00,9.586668e-07,7.3761743e-09,B
2025-08-01 09:11:00,9.539889e-07,4.81034e-09,B
2025-08-01 09:12:00,9.571905e-07,5.728274e-09,B
2025-08-01 09:13:00,9.76053e-07,5.411251e-09,B
2025-08-01 09:14:00,9.667705e-07,4.9649196e-09,B
2025-08-01 09:15:00,9.736532e-07,6.867833e-09,B
2025-08-01 09:16:00,9.654539e-07,6.1171748e-09,B
2025-08-01 09:17:00,9.702825e-07,6.3547096e-09,B
2025-08-01 09:18:00,9.797573e-07,7.4037807e-09,B
2025-08-01 09:19:00,1.0049102e-06,8.330589e-09,C
2025-08-01 09:20:00,1.0231131e-06,1.00974855e-08,C
2025-08-01 09:21:00,1.030661e-06,8.909246e-09,C
2025-08-01 09:22:00,1.043332e-06,1.0793568e-08,C
2025-08-01 09:23:00,1.0629852e-06,1.1660943e-08,C
2025-08-01 09:24:00,1.0873559e-06,1.30294815e-08,C
2025-08-01 09:25:00,1.1163767e-06,1.5368002e-08,C
2025-08-01 09:26:00,1.1500757e-06,1.7899673e-08,C
2025-08-01 09:27:00,1.1872906e-06,1.9272129e-08,C
2025-08-01 09:28:00,1.2209781e-06,2.2514213e-08,C
2025-08-01 09:29:00,1.3186839e-06,3.1559154e-08,C
2025-08-01 09:30:00,1.4400337e-06,4.215079e-08,C
2025-08-01 09:31:00,1.4766784e-06,3.7965243e-08,C
2025-08-01 09:32:00,1.4731708e-06,3.557064e-08,C
2025-08-01 09:33:00,1.4953554e-06,3.7276973e-08,C
2025-08-01 09:34:00,1.5269643e-06,3.8998984e-08,C
2025-08-01 09:35:00,1.6605547e-06,5.015712e-08,C
2025-08-01 09:36:00,1.7358013e-06,5.0416993e-08,C
2025-08-01 09:37:00,1.696045e-06,4.4396998e-08,C
2025-08-01 09:38:00,1.69688e-06,4.404265e-08,C
2025-08-01 09:39:00,1.7377142e-06,5.055452e-08,C
2025-08-01 09:40:00,1.7490431e-06,5.0336467e-08,C
2025-08-01 09:41:00,1.7144963e-06,4.5939323e-08,C
2025-08-01 09:42:00,1.6772196e-06,4.3110607e-08,C
2025-08-01 09:43:00,1.6595417e-06,4.132341e-08,C
2025-08-01 09:44:00,1.6538153e-06,4.287593e-08,C
2025-08-01 09:45:00,1.6591623e-06,4.2897813e-08,C
2025-08-01 09:46:00,1.6583439e-06,4.3127105e-08,C
2025-08-01 09:47:00,1.6554917e-06,4.2163666e-08,C
2025-08-01 09:48:00,1.6456673e-06,4.2338524e-08,C
2025-08-01 09:49:00,1.6431864e-06,4.0717147e-08,C
2025-08-01 09:50:00,1.6424746e-06,3.966403e-08,C
2025-08-01 09:51:00,1.6443189e-06,3.9587327e-08,C
2025-08-01 09:52:00,1.6437813e-06,3.9149846e-08,C
2025-08-01 09:53:00,1.6451362e-06,3.8401392e-08,C
2025-08-01 09:54:00,1.6482863e-06,3.7454164e-08,C
2025-08-01 09:55:00,1.6405876e-06,3.667862e-08,C
2025-08-01 09:56:00,1.6312603e-06,3.474242e-08,C
2025-08-01 09:57:00,1.6181867e-06,3.2517985e-08,C
2025-08-01 09:58:00,1.6055299e-06,3.125558e-08,C
2025-08-01 09:59:00,1.595269e-06,2.947008e-08,C
2025-08-01 10:00:00,1.5803985e-06,2.8617507e-08,C
2025-08-01 10:01:00,1.5766552e-06,3.0088117e-08,C
2025-08-01 10:02:00,1.5797602e-06,2.8977478e-08,C
2025-08-01 10:03:00,1.5752785e-06,2.8957936e-08,C
2025-08-01 10:04:00,1.5744063e-06,2.9155977e-08,C
2025-08-01 10:05:00,1.5674743e-06,2.7593185e-08,C
2025-08-01 10:06:00,1.5621947e-06,2.6577819e-08,C
2025-08-01 10:07:00,1.5516641e-06,2.4423645e-08,C
2025-08-01 10:08:00,1.5362837e-06,2.2565011e-08,C
2025-08-01 10:09:00,1.5254045e-06,2.2159671e-08,C
2025-08-01 10:10:00,1.5123717e-06,2.3748463e-08,C
2025-08-01 10:11:00,1.4930287e-06,2.1426493e-08,C
2025-08-01 10:12:00,1.4730626e-06,2.0753825e-08,C
2025-08-01 10:13:00,1.4775353e-06,2.0714625e-08,C
2025-08-01 10:14:00,1.526122e-06,2.5170067e-08,C
2025-08-01 10:15:00,1.5382471e-06,2.598557e-08,C
2025-08-01 10:16:00,1.5123528e-06,2.2776412e-08,C
2025-08-01 10:17:00,1.4797906e-06,2.1110639e-08,C
2025-08-01 10:18:00,1.4430832e-06,1.7248347e-08,C
2025-08-01 10:19:00,1.4116312e-06,1.7663304e-08,C
2025-08-01 10:20:00,1.3874386e-06,1.6253678e-08,C
2025-08-01 10:21:00,1.3674504e-06,1.6177603e-08,C
2025-08-01 10:22:00,1.3474823e-06,1.8602105e-08,C
2025-08-01 10:23:00,1.3367682e-06,1.6535738e-08,C
2025-08-01 10:24:00,1.3348904e-06,1.5882199e-08,C
2025-08-01 10:25:00,1.3355256e-06,1.6055209e-08,C
2025-08-01 10:26:00,1.3321187e-06,1.582268e-08,C
2025-08-01 10:27:00,1.3340704e-06,1.9550598e-08,C
2025-08-01 10:28:00,1.3343739e-06,1.7607887e-08,C
2025-08-01 10:29:00,1.3325146e-06,1.7908866e-08,C
2025-08-01 10:30:00,1.3250251e-06,1.789203e-08,C
2025-08-01 10:31:00,1.3246057e-06,1.7650816e-08,C
2025-08-01 10:32:00,1.337085e-06,1.8723957e-08,C
2025-08-01 10:33:00,1.3630942e-06,1.9515012e-08,C
2025-08-01 10:34:00,1.3742178e-06,2.0506095e-08,C
2025-08-01 10:35:00,1.3808354e-06,2.13737e-08,C
2025-08-01 10:36:00,1.3776822e-06,2.2324084e-08,C
2025-08-01 10:37:00,1.3827602e-06,2.2128116e-08,C
2025-08-01 10:38:00,1.3733629e-06,2.157655e-08,C
2025-08-01 10:39:00,1.3651645e-06,2.163795e-08,C
2025-08-01 10:40:00,1.35146e-06,2.0760101e-08,C
2025-08-01 10:41:00,1.3395392e-06,1.995211e-08,C
2025-08-01 10:42:00,1.3377775e-06,1.959499e-08,C
2025-08-01 10:43:00,1.3370684e-06,2.0244299e-08,C
2025-08-01 10:44:00,1.3298034e-06,1.9809505e-08,C
2025-08-01 10:45:00,1.3172584e-06,1.9296035e-08,C
2025-08-01 10:46:00,1.3148535e-06,1.8999529e-08,C
2025-08-01 10:47:00,1.3041556e-06,1.9570852e-08,C
2025-08-01 10:48:00,1.2917129e-06,1.818774e-08,C
2025-08-01 10:49:00,1.2852955e-06,1.6900492e-08,C
2025-08-01 10:50:00,1.2762754e-06,1.77719e-08,C
2025-08-01 10:51:00,1.2615448e-06,1.535655e-08,C
2025-08-01 10:52:00,1.2542743e-06,1.4465499e-08,C
2025-08-01 10:53:00,1.2453836e-06,1.4994518e-08,C
2025-08-01 10:54:00,1.2350682e-06,1.6549807e-08,C
2025-08-01 10:55:00,1.2285063e-06,1.4643201e-08,C
2025-08-01 10:56:00,1.2208076e-06,1.40367185e-08,C
2025-08-01 10:57:00,1.2158247e-06,1.4049669e-08,C
2025-08-01 10:58:00,1.2116011e-06,1.4663729e-08,C
2025-08-01 10:59:00,1.2013887e-06,1.4083913e-08,C
2025-08-01 11:00:00,1.1916087e-06,1.31148985e-08,C
2025-08-01 11:01:00,1.1815143e-06,1.3036636e-08,C
2025-08-01 11:02:00,1.1775456e-06,1.3193563e-08,C
2025-08-01 11:03:00,1.1772339e-06,1.363375e-08,C
2025-08-01 11:04:00,1.1670094e-06,1.2408621e-08,C
2025-08-01 11:05:00,1.1560289e-06,1.2662055e-08,C
2025-08-01 11:06:00,1.1457342e-06,1.2449464e-08,C
2025-08-01 11:07:00,1.1395948e-06,1.2571298e-08,C
2025-08-01 11:08:00,1.1300918e-06,1.3491476e-08,C
2025-08-01 11:09:00,1.1208683e-06,1.2110342e-08,C
2025-08-01 11:10:00,1.123097e-06,1.2147809e-08,C
2025-08-01 11:11:00,1.1266635e-06,1.2052844e-08,C
2025-08-01 11:12:00,1.1280451e-06,1.0511436e-08,C
2025-08-01 11:13:00,1.1243096e-06,1.06080815e-08,C
2025-08-01 11:14:00,1.1216922e-06,1.0148987e-08,C
2025-08-01 11:15:00,1.122106e-06,1.0668192e-08,C
2025-08-01 11:16:00,1.1823761e-06,1.6253278e-08,C
2025-08-01 11:17:00,1.266706e-06,2.0157929e-08,C
2025-08-01 11:18:00,1.2406388e-06,1.7750295e-08,C
2025-08-01 11:19:00,1.199461e-06,1.6248533e-08,C
2025-08-01 11:20:00,1.1818157e-06,1.495928e-08,C
2025-08-01 11:21:00,1.1837792e-06,1.56288e-08,C
2025-08-01 11:22:00,1.1907373e-06,1.5156191e-08,C
2025-08-01 11:23:00,1.1984322e-06,1.4658092e-08,C
2025-08-01 11:24:00,1.2305458e-06,1.8984109e-08,C
2025-08-01 11:25:00,1.2515729e-06,1.8682467e-08,C
2025-08-01 11:26:00,1.2453174e-06,2.0866418e-08,C
2025-08-01 11:27:00,1.253849e-06,2.1535612e-08,C
2025-08-01 11:28:00,1.265677e-06,2.3656932e-08,C
2025-08-01 11:29:00,1.2668979e-06,2.2764846e-08,C
2025-08-01 11:30:00,1.2764236e-06,2.4429143e-08,C
2025-08-01 11:31:00,1.2807333e-06,2.5009658e-08,C
2025-08-01 11:32:00,1.2925568e-06,2.5193259e-08,C
2025-08-01 11:33:00,1.2945621e-06,2.6087868e-08,C
2025-08-01 11:34:00,1.3106079e-06,2.7092522e-08,C
2025-08-01 11:35:00,1.3316652e-06,2.6879613e-08,C
2025-08-01 11:36:00,1.3297963e-06,2.5944917e-08,C
2025-08-01 11:37:00,1.3051935e-06,2.345445e-08,C
2025-08-01 11:38:00,1.2762807e-06,2.2343498e-08,C
2025-08-01 11:39:00,1.2517679e-06,1.9870498e-08,C
2025-08-01 11:40:00,1.2219423e-06,1.656803e-08,C
2025-08-01 11:41:00,1.1974604e-06,1.7019843e-08,C
2025-08-01 11:42:00,1.176356e-06,1.6130118e-08,C
2025-08-01 11:43:00,1.1544296e-06,1.4799563e-08,C
2025-08-01 11:44:00,1.135911e-06,1.3455374e-08,C
2025-08-01 11:45:00,1.119702e-06,1.24049135e-08,C
2025-08-01 11:46:00,1.1019532e-06,1.2598902e-08,C
2025-08-01 11:47:00,1.0984315e-06,1.3533807e-08,C
2025-08-01 11:48:00,1.0939593e-06,1.1276353e-08,C
2025-08-01 11:49:00,1.0891035e-06,1.0859573e-08,C
2025-08-01 11:50:00,1.090222e-06,1.0794759e-08,C
2025-08-01 11:51:00,1.0981107e-06,1.0882515e-08,C
2025-08-01 11:52:00,1.0902185e-06,1.2249977e-08,C
2025-08-01 11:53:00,1.0786086e-06,1.0638032e-08,C
2025-08-01 11:54:00,1.0721793e-06,1.1124559e-08,C
2025-08-01 11:55:00,1.0635553e-06,1.1679345e-08,C
2025-08-01 11:56:00,1.0575907e-06,1.0413204e-08,C
2025-08-01 11:57:00,1.0532401e-06,1.079265e-08,C
2025-08-01 11:58:00,1.0512664e-06,9.938452e-09,C
2025-08-01 11:59:00,1.0510811e-06,1.062662e-08,C
2025-08-01 12:00:00,1.0530028e-06,1.0563245e-08,C
2025-08-01 12:01:00,1.0657586e-06,1.131985e-08,C
2025-08-01 12:02:00,1.1010345e-06,1.6586991e-08,C
2025-08-01 12:03:00,1.1518682e-06,1.9261625e-08,C
2025-08-01 12:04:00,1.3134459e-06,3.51951e-08,C
2025-08-01 12:05:00,1.3452391e-06,3.288351e-08,C
2025-08-01 12:06:00,1.29133e-06,2.8168891e-08,C
2025-08-01 12:07:00,1.2968621e-06,2.9971954e-08,C
2025-08-01 12:08:00,1.3281815e-06,2.9851087e-08,C
2025-08-01 12:09:00,1.3625136e-06,3.4528554e-08,C
2025-08-01 12:10:00,1.4041614e-06,3.5971958e-08,C
2025-08-01 12:11:00,1.4528595e-06,3.940395e-08,C
2025-08-01 12:12:00,1.5019393e-06,4.398122e-08,C
2025-08-01 12:13:00,1.5689028e-06,4.9255267e-08,C
2025-08-01 12:14:00,1.6337978e-06,5.5044378e-08,C
2025-08-01 12:15:00,1.7153113e-06,6.2868835e-08,C
2025-08-01 12:16:00,1.8154363e-06,7.289673e-08,C
2025-08-01 12:17:00,1.9038771e-06,8.580899e-08,C
2025-08-01 12:18:00,2.0074663e-06,1.0096016e-07,C
2025-08-01 12:19:00,2.1322705e-06,1.2090815e-07,C
2025-08-01 12:20:00,2.2504532e-06,1.392788e-07,C
2025-08-01 12:21:00,2.382405e-06,1.5933676e-07,C
2025-08-01 12:22:00,2.5376298e-06,1.814919e-07,C
2025-08-01 12:23:00,2.6250734e-06,1.8595394e-07,C
2025-08-01 12:24:00,2.6876432e-06,1.837175e-07,C
2025-08-01 12:25:00,2.734981e-06,1.7987482e-07,C
2025-08-01 12:26:00,2.7436902e-06,1.7042285e-07,C
2025-08-01 12:27:00,2.7507865e-06,1.6495596e-07,C
2025-08-01 12:28:00,2.7770066e-06,1.6267451e-07,C
2025-08-01 12:29:00,2.796776e-06,1.7034353e-07,C
2025-08-01 12:30:00,2.861546e-06,1.8463797e-07,C
2025-08-01 12:31:00,2.9753674e-06,2.0571622e-07,C
2025-08-01 12:32:00,3.0603394e-06,2.1836956e-07,C
2025-08-01 12:33:00,3.1431834e-06,2.2882092e-07,C
2025-08-01 12:34:00,3.2315393e-06,2.3904505e-07,C
2025-08-01 12:35:00,3.309687e-06,2.4233432e-07,C
2025-08-01 12:36:00,3.364831e-06,2.415016e-07,C
2025-08-01 12:37:00,3.4078191e-06,2.363258e-07,C
2025-08-01 12:38:00,3.4268758e-06,2.3041638e-07,C
2025-08-01 12:39:00,3.433651e-06,2.2432518e-07,C
2025-08-01 12:40:00,3.4095103e-06,2.1374088e-07,C
2025-08-01 12:41:00,3.3621036e-06,2.0280717e-07,C
2025-08-01 12:42:00,3.2989635e-06,1.9033176e-07,C
2025-08-01 12:43:00,3.241826e-06,1.7959911e-07,C
2025-08-01 12:44:00,3.168947e-06,1.6653026e-07,C
2025-08-01 12:45:00,3.0893423e-06,1.52801e-07,C
2025-08-01 12:46:00,2.9942976e-06,1.3816114e-07,C
2025-08-01 12:47:00,2.8941497e-06,1.286083e-07,C
2025-08-01 12:48:00,2.7902552e-06,1.15874435e-07,C
2025-08-01 12:49:00,2.6880007e-06,1.051501e-07,C
2025-08-01 12:50:00,2.5828638e-06,9.496887e-08,C
2025-08-01 12:51:00,2.488207e-06,8.8094254e-08,C
2025-08-01 12:52:00,2.397904e-06,8.2315225e-08,C
2025-08-01 12:53:00,2.3036039e-06,7.66671e-08,C
2025-08-01 12:54:00,2.219397e-06,7.085886e-08,C
2025-08-01 12:55:00,2.1452247e-06,6.794264e-08,C
2025-08-01 12:56:00,2.080295e-06,6.3611935e-08,C
2025-08-01 12:57:00,2.0211805e-06,5.993321e-08,C
2025-08-01 12:58:00,1.9651266e-06,5.5956477e-08,C
2025-08-01 12:59:00,1.9250524e-06,5.4283674e-08,C
2025-08-01 13:00:00,1.8869733e-06,5.093988e-08,C
2025-08-01 13:01:00,1.8523749e-06,5.0036554e-08,C
2025-08-01 13:02:00,1.831705e-06,4.9536204e-08,C
2025-08-01 13:03:00,1.8112836e-06,4.7642892e-08,C
2025-08-01 13:04:00,1.7823292e-06,4.6653916e-08,C
2025-08-01 13:05:00,1.8008822e-06,4.8985566e-08,C
2025-08-01 13:06:00,1.7925576e-06,4.788875e-08,C
2025-08-01 13:07:00,1.7599835e-06,4.7974517e-08,C
2025-08-01 13:08:00,1.7390187e-06,4.666474e-08,C
2025-08-01 13:09:00,1.7057102e-06,4.4598078e-08,C
2025-08-01 13:10:00,1.6915229e-06,4.4133486e-08,C
2025-08-01 13:11:00,1.6855276e-06,4.4653746e-08,C
2025-08-01 13:12:00,1.6783514e-06,4.3518714e-08,C
2025-08-01 13:13:00,1.6875114e-06,4.281744e-08,C
2025-08-01 13:14:00,1.7121469e-06,4.441104e-08,C
2025-08-01 13:15:00,1.7700414e-06,5.1171128e-08,C
2025-08-01 13:16:00,1.8554044e-06,6.1598584e-08,C
2025-08-01 13:17:00,1.9233146e-06,6.645084e-08,C
2025-08-01 13:18:00,1.9830363e-06,7.2262694e-08,C
2025-08-01 13:19:00,1.9804731e-06,6.973747e-08,C
2025-08-01 13:20:00,1.952696e-06,6.8278155e-08,C
2025-08-01 13:21:00,1.9666857e-06,7.21616e-08,C
2025-08-01 13:22:00,1.990957e-06,7.573404e-08,C
2025-08-01 13:23:00,2.020948e-06,8.124429e-08,C
2025-08-01 13:24:00,2.0600967e-06,8.8122455e-08,C
2025-08-01 13:25:00,2.106867e-06,9.502172e-08,C
2025-08-01 13:26:00,2.1579922e-06,1.0171891e-07,C
2025-08-01 13:27:00,2.1998028e-06,1.0542721e-07,C
2025-08-01 13:28:00,2.2460438e-06,1.12358116e-07,C
2025-08-01 13:29:00,2.2942777e-06,1.1658443e-07,C
2025-08-01 13:30:00,2.3572804e-06,1.2565367e-07,C
2025-08-01 13:31:00,2.4088777e-06,1.30593e-07,C
2025-08-01 13:32:00,2.4453689e-06,1.3455934e-07,C
2025-08-01 13:33:00,2.4885094e-06,1.384635e-07,C
2025-08-01 13:34:00,2.5083775e-06,1.3697928e-07,C
2025-08-01 13:35:00,2.5324177e-06,1.3869885e-07,C
2025-08-01 13:36:00,2.546361e-06,1.340267e-07,C
2025-08-01 13:37:00,2.5481586e-06,1.3210695e-07,C
2025-08-01 13:38:00,2.5596937e-06,1.3088847e-07,C
2025-08-01 13:39:00,2.5605955e-06,1.3027783e-07,C
2025-08-01 13:40:00,2.5609108e-06,1.2749939e-07,C
2025-08-01 13:41:00,2.5566083e-06,1.251587e-07,C
2025-08-01 13:42:00,2.5373365e-06,1.18821276e-07,C
2025-08-01 13:43:00,2.5207296e-06,1.1498852e-07,C
2025-08-01 13:44:00,2.4964118e-06,1.1124518e-07,C
2025-08-01 13:45:00,2.468346e-06,1.0746202e-07,C
2025-08-01 13:46:00,2.4437627e-06,1.0326114e-07,C
2025-08-01 13:47:00,2.4260755e-06,1.00766904e-07,C
2025-08-01 13:48:00,2.404069e-06,9.733714e-08,C
2025-08-01 13:49:00,2.3731382e-06,9.4211586e-08,C
2025-08-01 13:50:00,2.3438743e-06,9.0694726e-08,C
2025-08-01 13:51:00,2.3203786e-06,9.0471126e-08,C
2025-08-01 13:52:00,2.3123168e-06,8.930337e-08,C
2025-08-01 13:53:00,2.2989545e-06,8.883779e-08,C
2025-08-01 13:54:00,2.277699e-06,8.5731266e-08,C
2025-08-01 13:55:00,2.256089e-06,8.583531e-08,C
2025-08-01 13:56:00,2.2355107e-06,8.604626e-08,C
2025-08-01 13:57:00,2.2177376e-06,8.453715e-08,C
2025-08-01 13:58:00,2.204355e-06,8.493481e-08,C
2025-08-01 13:59:00,2.1947642e-06,8.479582e-08,C
2025-08-01 14:00:00,2.1816816e-06,8.498102e-08,C
2025-08-01 14:01:00,2.1681235e-06,8.252804e-08,C
2025-08-01 14:02:00,2.1550934e-06,8.2072454e-08,C
2025-08-01 14:03:00,2.1496385e-06,8.241765e-08,C
2025-08-01 14:04:00,2.1448452e-06,8.3091884e-08,C
2025-08-01 14:05:00,2.1500696e-06,8.2571006e-08,C
2025-08-01 14:06:00,2.1751096e-06,8.8567816e-08,C
2025-08-01 14:07:00,2.2062688e-06,8.824118e-08,C
2025-08-01 14:08:00,2.2465208e-06,9.144735e-08,C
2025-08-01 14:09:00,2.2759639e-06,9.3627825e-08,C
2025-08-01 14:10:00,2.2863376e-06,9.290506e-08,C
2025-08-01 14:11:00,2.2885988e-06,9.4201326e-08,C
2025-08-01 14:12:00,2.2915608e-06,9.532256e-08,C
2025-08-01 14:13:00,2.2877903e-06,9.338068e-08,C
2025-08-01 14:14:00,2.2878132e-06,9.413915e-08,C
2025-08-01 14:15:00,2.2900342e-06,9.324864e-08,C
2025-08-01 14:16:00,2.2905033e-06,9.282878e-08,C
2025-08-01 14:17:00,2.2939016e-06,9.1422805e-08,C
2025-08-01 14:18:00,2.288556e-06,9.247546e-08,C
2025-08-01 14:19:00,2.2948489e-06,9.203146e-08,C
2025-08-01 14:20:00,2.3090377e-06,9.479826e-08,C
2025-08-01 14:21:00,2.3164073e-06,9.473748e-08,C
2025-08-01 14:22:00,2.3211608e-06,9.610733e-08,C
2025-08-01 14:23:00,2.3348973e-06,9.612875e-08,C
2025-08-01 14:24:00,2.3336768e-06,9.591397e-08,C
2025-08-01 14:25:00,2.329345e-06,9.4460745e-08,C
2025-08-01 14:26:00,2.32549e-06,9.4139004e-08,C
2025-08-01 14:27:00,2.327309e-06,9.390787e-08,C
2025-08-01 14:28:00,2.327173e-06,9.418593e-08,C
2025-08-01 14:29:00,2.3341688e-06,9.525077e-08,C
2025-08-01 14:30:00,2.3403718e-06,9.459607e-08,C
2025-08-01 14:31:00,2.343167e-06,9.6056986e-08,C
2025-08-01 14:32:00,2.3407545e-06,9.683856e-08,C
2025-08-01 14:33:00,2.3348175e-06,9.58714e-08,C
2025-08-01 14:34:00,2.3231605e-06,9.411718e-08,C
2025-08-01 14:35:00,2.3058221e-06,9.1725845e-08,C
2025-08-01 14:36:00,2.3065961e-06,9.0766015e-08,C
2025-08-01 14:37:00,2.320229e-06,9.171909e-08,C
2025-08-01 14:38:00,2.3177963e-06,9.168899e-08,C
2025-08-01 14:39:00,2.3130037e-06,9.026189e-08,C
2025-08-01 14:40:00,2.2964389e-06,8.666041e-08,C
2025-08-01 14:41:00,2.3060416e-06,8.878605e-08,C
2025-08-01 14:42:00,2.31667e-06,8.855194e-08,C
2025-08-01 14:43:00,2.319458e-06,8.865396e-08,C
2025-08-01 14:44:00,2.3353819e-06,9.238987e-08,C
2025-08-01 14:45:00,2.3437458e-06,9.398177e-08,C
2025-08-01 14:46:00,2.3763273e-06,9.945264e-08,C
2025-08-01 14:47:00,2.4322826e-06,1.1059115e-07,C
2025-08-01 14:48:00,2.4501144e-06,1.10591486e-07,C
2025-08-01 14:49:00,2.4442213e-06,1.0644892e-07,C
2025-08-01 14:50:00,2.4191913e-06,9.9869204e-08,C
2025-08-01 14:51:00,2.3854461e-06,9.47951e-08,C
2025-08-01 14:52:00,2.3460539e-06,9.317362e-08,C
2025-08-01 14:53:00,2.3123234e-06,8.8376005e-08,C
2025-08-01 14:54:00,2.278452e-06,8.681899e-08,C
2025-08-01 14:55:00,2.2496952e-06,8.2016406e-08,C
2025-08-01 14:56:00,2.224777e-06,8.057261e-08,C
2025-08-01 14:57:00,2.2035701e-06,7.9225266e-08,C
2025-08-01 14:58:00,2.1868868e-06,7.843302e-08,C
2025-08-01 14:59:00,2.1713502e-06,7.935236e-08,C
2025-08-01 15:00:00,2.187159e-06,8.004871e-08,C
2025-08-01 15:01:00,2.176723e-06,7.90158e-08,C
2025-08-01 15:02:00,2.165293e-06,8.071363e-08,C
2025-08-01 15:03:00,2.1616213e-06,8.297199e-08,C
2025-08-01 15:04:00,2.15309e-06,7.858545e-08,C
2025-08-01 15:05:00,2.130618e-06,7.644261e-08,C
2025-08-01 15:06:00,2.1036244e-06,7.27768e-08,C
2025-08-01 15:07:00,2.0817415e-06,7.277644e-08,C
2025-08-01 15:08:00,2.0576576e-06,7.159481e-08,C
2025-08-01 15:09:00,2.035551e-06,7.107808e-08,C
2025-08-01 15:10:00,2.0163723e-06,7.016688e-08,C
2025-08-01 15:11:00,1.9964534e-06,6.852273e-08,C
2025-08-01 15:12:00,1.976531e-06,6.637088e-08,C
2025-08-01 15:13:00,1.970799e-06,6.6070704e-08,C
2025-08-01 15:14:00,1.952836e-06,6.671756e-08,C
2025-08-01 15:15:00,1.9368342e-06,6.601231e-08,C
2025-08-01 15:16:00,1.919329e-06,6.497461e-08,C
2025-08-01 15:17:00,1.9000512e-06,6.4661535e-08,C
2025-08-01 15:18:00,1.8862644e-06,6.490062e-08,C
2025-08-01 15:19:00,1.876892e-06,6.294019e-08,C
2025-08-01 15:20:00,1.8600002e-06,6.268405e-08,C
2025-08-01 15:21:00,1.8493305e-06,6.529599e-08,C
2025-08-01 15:22:00,1.8347963e-06,6.4884574e-08,C
2025-08-01 15:23:00,1.8204145e-06,6.375502e-08,C
2025-08-01 15:24:00,1.8047319e-06,6.218429e-08,C
2025-08-01 15:25:00,1.7999097e-06,6.15554e-08,C
2025-08-01 15:26:00,1.7921883e-06,6.399444e-08,C
2025-08-01 15:27:00,1.7755146e-06,6.282023e-08,C
2025-08-01 15:28:00,1.7535535e-06,6.170727e-08,C
2025-08-01 15:29:00,1.7394298e-06,6.125097e-08,C
2025-08-01 15:30:00,1.7223583e-06,5.9008162e-08,C
2025-08-01 15:31:00,1.7123816e-06,6.041987e-08,C
2025-08-01 15:32:00,1.7038689e-06,5.7871368e-08,C
2025-08-01 15:33:00,1.6951856e-06,5.876497e-08,C
2025-08-01 15:34:00,1.6839397e-06,5.812945e-08,C
2025-08-01 15:35:00,1.6747354e-06,5.7508892e-08,C
2025-08-01 15:36:00,1.6657959e-06,5.7929533e-08,C
2025-08-01 15:37:00,1.6607505e-06,5.8282623e-08,C
2025-08-01 15:38:00,1.6556846e-06,5.5775303e-08,C
2025-08-01 15:39:00,1.649231e-06,5.839955e-08,C
2025-08-01 15:40:00,1.6470558e-06,5.962963e-08,C
2025-08-01 15:41:00,1.639011e-06,5.7725877e-08,C
2025-08-01 15:42:00,1.6363803e-06,5.6175516e-08,C
2025-08-01 15:43:00,1.6409037e-06,5.8925764e-08,C
2025-08-01 15:44:00,1.6381981e-06,5.886511e-08,C
2025-08-01 15:45:00,1.6297033e-06,5.6045412e-08,C
2025-08-01 15:46:00,1.6200204e-06,5.5983868e-08,C
2025-08-01 15:47:00,1.6119928e-06,5.6574592e-08,C
2025-08-01 15:48:00,1.6092476e-06,5.5823495e-08,C
2025-08-01 15:49:00,1.6056082e-06,5.6766034e-08,C
2025-08-01 15:50:00,1.6039277e-06,5.46577e-08,C
2025-08-01 15:51:00,1.6003063e-06,5.610587e-08,C
2025-08-01 15:52:00,1.5916572e-06,5.4732894e-08,C
2025-08-01 15:53:00,1.5793174e-06,5.4549197e-08,C
2025-08-01 15:54:00,1.570129e-06,5.496311e-08,C
2025-08-01 15:55:00,1.5653638e-06,5.3958626e-08,C
2025-08-01 15:56:00,1.5578033e-06,5.2886772e-08,C
2025-08-01 15:57:00,1.5696207e-06,5.4031336e-08,C
2025-08-01 15:58:00,1.5808027e-06,5.362258e-08,C
2025-08-01 15:59:00,1.5761841e-06,5.4816336e-08,C
2025-08-01 16:00:00,1.57586e-06,5.400296e-08,C
2025-08-01 16:01:00,1.5784781e-06,5.5565906e-08,C
2025-08-01 16:02:00,1.5947201e-06,5.7190643e-08,C
2025-08-01 16:03:00,1.6059382e-06,5.8485845e-08,C
2025-08-01 16:04:00,1.6239825e-06,6.119415e-08,C
2025-08-01 16:05:00,1.6295932e-06,6.105859e-08,C
2025-08-01 16:06:00,1.6090175e-06,5.6749467e-08,C
2025-08-01 16:07:00,1.5894565e-06,5.674212e-08,C
2025-08-01 16:08:00,1.5808705e-06,5.5142255e-08,C
2025-08-01 16:09:00,1.5776967e-06,5.320968e-08,C
2025-08-01 16:10:00,1.5650314e-06,5.2660514e-08,C
2025-08-01 16:11:00,1.5624712e-06,5.1621466e-08,C
2025-08-01 16:12:00,1.5527022e-06,5.275458e-08,C
2025-08-01 16:13:00,1.5446504e-06,5.0644758e-08,C
2025-08-01 16:14:00,1.543423e-06,5.146694e-08,C
2025-08-01 16:15:00,1.5438923e-06,5.053186e-08,C
2025-08-01 16:16:00,1.5447204e-06,5.0795034e-08,C
2025-08-01 16:17:00,1.5451586e-06,4.9383768e-08,C
2025-08-01 16:18:00,1.5453635e-06,5.1667616e-08,C
2025-08-01 16:19:00,1.5386604e-06,5.1173835e-08,C
2025-08-01 16:20:00,1.5338302e-06,4.8721816e-08,C
2025-08-01 16:21:00,1.534193e-06,4.9680615e-08,C
2025-08-01 16:22:00,1.5306279e-06,4.8694712e-08,C
2025-08-01 16:23:00,1.5260697e-06,4.9197112e-08,C
2025-08-01 16:24:00,1.5304556e-06,4.892026e-08,C
2025-08-01 16:25:00,1.5329164e-06,4.8899985e-08,C
2025-08-01 16:26:00,1.5224944e-06,4.875933e-08,C
2025-08-01 16:27:00,1.5200067e-06,4.7266695e-08,C
2025-08-01 16:28:00,1.5228786e-06,4.843608e-08,C
2025-08-01 16:29:00,1.5263726e-06,4.8486253e-08,C
2025-08-01 16:30:00,1.5241881e-06,4.8073733e-08,C
2025-08-01 16:31:00,1.5189231e-06,4.707892e-08,C
2025-08-01 16:32:00,1.5137291e-06,4.8694552e-08,C
2025-08-01 16:33:00,1.5044908e-06,4.805026e-08,C
2025-08-01 16:34:00,1.4992363e-06,4.7950596e-08,C
2025-08-01 16:35:00,1.4959055e-06,4.5894957e-08,C
2025-08-01 16:36:00,1.5036185e-06,4.8269232e-08,C
2025-08-01 16:37:00,1.528458e-06,4.94123e-08,C
2025-08-01 16:38:00,1.5766747e-06,5.5168e-08,C
2025-08-01 16:39:00,1.6588087e-06,6.7811385e-08,C
2025-08-01 16:40:00,1.7550755e-06,7.99109e-08,C
2025-08-01 16:41:00,1.8642305e-06,9.678809e-08,C
2025-08-01 16:42:00,1.945116e-06,1.00590825e-07,C
2025-08-01 16:43:00,1.987612e-06,9.9884446e-08,C
2025-08-01 16:44:00,1.994592e-06,9.4093e-08,C
2025-08-01 16:45:00,1.9865347e-06,9.039907e-08,C
2025-08-01 16:46:00,1.9800166e-06,8.385223e-08,C
2025-08-01 16:47:00,1.9764525e-06,8.0659404e-08,C
2025-08-01 16:48:00,1.986106e-06,8.169229e-08,C
2025-08-01 16:49:00,2.0280827e-06,8.165327e-08,C
2025-08-01 16:50:00,2.0210975e-06,7.858647e-08,C
2025-08-01 16:51:00,1.9825725e-06,7.532263e-08,C
2025-08-01 16:52:00,1.939324e-06,7.211556e-08,C
2025-08-01 16:53:00,1.8873817e-06,6.6652454e-08,C
2025-08-01 16:54:00,1.8398272e-06,6.3759146e-08,C
2025-08-01 16:55:00,1.7952149e-06,5.989218e-08,C
2025-08-01 16:56:00,1.749257e-06,5.6023545e-08,C
2025-08-01 16:57:00,1.7124477e-06,5.4546174e-08,C
2025-08-01 16:58:00,1.6785741e-06,5.245339e-08,C
2025-08-01 16:59:00,1.6586677e-06,5.1805202e-08,C
2025-08-01 17:00:00,1.6559399e-06,5.3583832e-08,C
2025-08-01 17:01:00,1.7057158e-06,5.8592374e-08,C
2025-08-01 17:02:00,1.7865246e-06,6.890035e-08,C
2025-08-01 17:03:00,1.7916938e-06,7.177818e-08,C
2025-08-01 17:04:00,1.7488741e-06,6.4099716e-08,C
2025-08-01 17:05:00,1.7259755e-06,6.1784874e-08,C
2025-08-01 17:06:00,1.7080819e-06,5.9292525e-08,C
2025-08-01 17:07:00,1.6943399e-06,5.9681405e-08,C
2025-08-01 17:08:00,1.6816914e-06,5.961334e-08,C
2025-08-01 17:09:00,1.6608922e-06,5.9376077e-08,C
2025-08-01 17:10:00,1.6446585e-06,5.5554363e-08,C
2025-08-01 17:11:00,1.6310875e-06,5.422516e-08,C
2025-08-01 17:12:00,1.6259801e-06,5.6016102e-08,C
2025-08-01 17:13:00,1.6171115e-06,5.31399e-08,C
2025-08-01 17:14:00,1.607284e-06,5.3160782e-08,C
2025-08-01 17:15:00,1.6103353e-06,5.3915656e-08,C
2025-08-01 17:16:00,1.6167273e-06,5.4835677e-08,C
2025-08-01 17:17:00,1.6390727e-06,5.2454617e-08,C
2025-08-01 17:18:00,1.6567949e-06,5.6570883e-08,C
2025-08-01 17:19:00,1.6558286e-06,5.494909e-08,C
2025-08-01 17:20:00,1.6505606e-06,5.519165e-08,C
2025-08-01 17:21:00,1.6527188e-06,5.5771565e-08,C
2025-08-01 17:22:00,1.631178e-06,5.4919305e-08,C
2025-08-01 17:23:00,1.60296e-06,5.3042818e-08,C
2025-08-01 17:24:00,1.59627e-06,5.2912196e-08,C
2025-08-01 17:25:00,1.6127175e-06,5.4057555e-08,C
2025-08-01 17:26:00,1.5992583e-06,5.1392337e-08,C
2025-08-01 17:27:00,1.5692189e-06,5.0079663e-08,C
2025-08-01 17:28:00,1.5513668e-06,4.9591563e-08,C
2025-08-01 17:29:00,1.5478148e-06,5.089656e-08,C
2025-08-01 17:30:00,1.527478e-06,4.9503637e-08,C
2025-08-01 17:31:00,1.5365652e-06,5.3110917e-08,C
2025-08-01 17:32:00,1.5451121e-06,5.3888165e-08,C
2025-08-01 17:33:00,1.5798522e-06,5.841429e-08,C
2025-08-01 17:34:00,1.6079673e-06,6.0414465e-08,C
2025-08-01 17:35:00,1.6211224e-06,6.156266e-08,C
2025-08-01 17:36:00,1.6053662e-06,6.000747e-08,C
2025-08-01 17:37:00,1.6005201e-06,5.8376926e-08,C
2025-08-01 17:38:00,1.5673984e-06,5.5991826e-08,C
2025-08-01 17:39:00,1.5406619e-06,5.341273e-08,C
2025-08-01 17:40:00,1.5101683e-06,5.2539697e-08,C
2025-08-01 17:41:00,1.4868183e-06,5.0214897e-08,C
2025-08-01 17:42:00,1.4736821e-06,4.9080676e-08,C
2025-08-01 17:43:00,1.4670469e-06,5.1071783e-08,C
2025-08-01 17:44:00,1.4498062e-06,5.0448783e-08,C
2025-08-01 17:45:00,1.4330436e-06,5.124008e-08,C
2025-08-01 17:46:00,1.4196444e-06,4.9551055e-08,C
2025-08-01 17:47:00,1.402734e-06,4.8825537e-08,C
2025-08-01 17:48:00,1.3882882e-06,4.803114e-08,C
2025-08-01 17:49:00,1.3776682e-06,4.7558398e-08,C
2025-08-01 17:50:00,1.3670186e-06,4.6045958e-08,C
2025-08-01 17:51:00,1.3549471e-06,4.6633204e-08,C
2025-08-01 17:52:00,1.3500879e-06,4.649948e-08,C
2025-08-01 17:53:00,1.3415338e-06,4.5375238e-08,C
2025-08-01 17:54:00,1.3370255e-06,4.6481315e-08,C
2025-08-01 17:55:00,1.3390164e-06,4.8391556e-08,C
2025-08-01 17:56:00,1.3460964e-06,4.6020194e-08,C
2025-08-01 17:57:00,1.3484771e-06,4.8755215e-08,C
2025-08-01 17:58:00,1.3479096e-06,4.8500016e-08,C
2025-08-01 17:59:00,1.3481764e-06,4.9241997e-08,C
2025-08-01 18:00:00,1.3549455e-06,4.8093888e-08,C
2025-08-01 18:01:00,1.3677974e-06,4.9100752e-08,C
2025-08-01 18:02:00,1.400958e-06,5.4004797e-08,C
2025-08-01 18:03:00,1.4207175e-06,5.705673e-08,C
2025-08-01 18:04:00,1.4611317e-06,6.011813e-08,C
2025-08-01 18:05:00,1.4854987e-06,6.4054355e-08,C
2025-08-01 18:06:00,1.5037815e-06,6.7054685e-08,C
2025-08-01 18:07:00,1.5162634e-06,6.798677e-08,C
2025-08-01 18:08:00,1.5366329e-06,7.087213e-08,C
2025-08-01 18:09:00,1.5851398e-06,7.254337e-08,C
2025-08-01 18:10:00,1.7123704e-06,8.2963595e-08,C
2025-08-01 18:11:00,1.928554e-06,1.0119126e-07,C
2025-08-01 18:12:00,2.172884e-06,1.2067517e-07,C
2025-08-01 18:13:00,2.4872932e-06,1.5289204e-07,C
2025-08-01 18:14:00,2.636155e-06,1.7017041e-07,C
2025-08-01 18:15:00,3.0210663e-06,2.244662e-07,C
2025-08-01 18:16:00,3.4291504e-06,2.9762526e-07,C
2025-08-01 18:17:00,3.4786558e-06,2.9519973e-07,C
2025-08-01 18:18:00,3.369204e-06,2.6165432e-07,C
2025-08-01 18:19:00,3.3521383e-06,2.556e-07,C
2025-08-01 18:20:00,3.2320302e-06,2.3476768e-07,C
2025-08-01 18:21:00,3.068275e-06,2.0768057e-07,C
2025-08-01 18:22:00,2.8751424e-06,1.7738718e-07,C
2025-08-01 18:23:00,2.6668783e-06,1.432641e-07,C
2025-08-01 18:24:00,2.457792e-06,1.1816461e-07,C
2025-08-01 18:25:00,2.2634044e-06,9.786483e-08,C
2025-08-01 18:26:00,2.091251e-06,8.2559474e-08,C
2025-08-01 18:27:00,1.949004e-06,7.215313e-08,C
2025-08-01 18:28:00,1.8257946e-06,6.241615e-08,C
2025-08-01 18:29:00,1.7255398e-06,5.877746e-08,C
2025-08-01 18:30:00,1.6428694e-06,5.7359753e-08,C
2025-08-01 18:31:00,1.5729378e-06,5.4510053e-08,C
2025-08-01 18:32:00,1.5195845e-06,5.3009693e-08,C
2025-08-01 18:33:00,1.4743623e-06,5.1259097e-08,C
2025-08-01 18:34:00,1.4333907e-06,4.7358718e-08,C
2025-08-01 18:35:00,1.3993032e-06,4.8068564e-08,C
2025-08-01 18:36:00,1.3724475e-06,4.816293e-08,C
2025-08-01 18:37:00,1.3466109e-06,4.790401e-08,C
2025-08-01 18:38:00,1.3238567e-06,4.5957446e-08,C
2025-08-01 18:39:00,1.3047245e-06,4.546645e-08,C
2025-08-01 18:40:00,1.2860842e-06,4.300367e-08,C
2025-08-01 18:41:00,1.2817794e-06,4.7959585e-08,C
2025-08-01 18:42:00,1.2719768e-06,4.5959517e-08,C
2025-08-01 18:43:00,1.2572383e-06,4.3824382e-08,C
2025-08-01 18:44:00,1.2481996e-06,4.4538933e-08,C
2025-08-01 18:45:00,1.2364917e-06,4.3432422e-08,C
2025-08-01 18:46:00,1.2330635e-06,4.3035865e-08,C
2025-08-01 18:47:00,1.2191872e-06,4.2181338e-08,C
2025-08-01 18:48:00,1.2127715e-06,4.404759e-08,C
2025-08-01 18:49:00,1.2090538e-06,4.27158e-08,C
2025-08-01 18:50:00,1.2088511e-06,4.2289617e-08,C
2025-08-01 18:51:00,1.2113003e-06,4.37784e-08,C
2025-08-01 18:52:00,1.208047e-06,4.2307033e-08,C
2025-08-01 18:53:00,1.2051273e-06,4.1018403e-08,C
2025-08-01 18:54:00,1.2112662e-06,4.1699057e-08,C
2025-08-01 18:55:00,1.2348715e-06,4.380874e-08,C
2025-08-01 18:56:00,1.2390831e-06,4.5870724e-08,C
2025-08-01 18:57:00,1.2367204e-06,4.6528815e-08,C
2025-08-01 18:58:00,1.2646893e-06,4.9570087e-08,C
2025-08-01 18:59:00,1.2684128e-06,5.303501e-08,C
2025-08-01 19:00:00,1.2553653e-06,4.875693e-08,C
2025-08-01 19:01:00,1.2279193e-06,4.5713207e-08,C
2025-08-01 19:02:00,1.205425e-06,4.4999403e-08,C
2025-08-01 19:03:00,1.1989985e-06,4.3734993e-08,C
2025-08-01 19:04:00,1.1936319e-06,4.5093287e-08,C
2025-08-01 19:05:00,1.1934342e-06,4.3903764e-08,C
2025-08-01 19:06:00,1.1967029e-06,4.5807397e-08,C
2025-08-01 19:07:00,1.2020886e-06,4.5579526e-08,C
2025-08-01 19:08:00,1.2022525e-06,4.7386134e-08,C
2025-08-01 19:09:00,1.2003311e-06,4.8841876e-08,C
2025-08-01 19:10:00,1.1987325e-06,4.8055345e-08,C
2025-08-01 19:11:00,1.1958755e-06,4.8257963e-08,C
2025-08-01 19:12:00,1.1901834e-06,4.70455e-08,C
2025-08-01 19:13:00,1.1869155e-06,4.653889e-08,C
2025-08-01 19:14:00,1.1922332e-06,4.9345157e-08,C
2025-08-01 19:15:00,1.2064368e-06,4.886651e-08,C
2025-08-01 19:16:00,1.2077812e-06,4.7717077e-08,C
2025-08-01 19:17:00,1.1946661e-06,4.687644e-08,C
2025-08-01 19:18:00,1.1847504e-06,4.5452e-08,C
2025-08-01 19:19:00,1.1691001e-06,4.532974e-08,C
2025-08-01 19:20:00,1.1570911e-06,4.382199e-08,C
2025-08-01 19:21:00,1.1506107e-06,4.2303785e-08,C
2025-08-01 19:22:00,1.1439993e-06,4.2274156e-08,C
2025-08-01 19:23:00,1.144391e-06,4.458736e-08,C
2025-08-01 19:24:00,1.137557e-06,4.403343e-08,C
2025-08-01 19:25:00,1.1334381e-06,4.385853e-08,C
2025-08-01 19:26:00,1.1306258e-06,4.348044e-08,C
2025-08-01 19:27:00,1.1420211e-06,4.514318e-08,C
2025-08-01 19:28:00,1.1589236e-06,4.3482004e-08,C
2025-08-01 19:29:00,1.1655146e-06,4.465128e-08,C
2025-08-01 19:30:00,1.1651524e-06,4.167872e-08,C
2025-08-01 19:31:00,1.1559513e-06,4.47488e-08,C
2025-08-01 19:32:00,1.1442897e-06,4.1410736e-08,C
2025-08-01 19:33:00,1.1419694e-06,4.3604842e-08,C
2025-08-01 19:34:00,1.1518493e-06,4.5537814e-08,C
2025-08-01 19:35:00,1.1585149e-06,4.5899768e-08,C
2025-08-01 19:36:00,1.1642936e-06,4.581696e-08,C
2025-08-01 19:37:00,1.1578802e-06,4.704036e-08,C
2025-08-01 19:38:00,1.1554562e-06,4.7561947e-08,C
2025-08-01 19:39:00,1.1596694e-06,4.840269e-08,C
2025-08-01 19:40:00,1.1681956e-06,5.0422162e-08,C
2025-08-01 19:41:00,1.1683127e-06,4.926912e-08,C
2025-08-01 19:42:00,1.1691176e-06,4.7707722e-08,C
2025-08-01 19:43:00,1.1768291e-06,4.6314074e-08,C
2025-08-01 19:44:00,1.1915572e-06,5.026565e-08,C
2025-08-01 19:45:00,1.197613e-06,5.306993e-08,C
2025-08-01 19:46:00,1.1860524e-06,5.3661623e-08,C
2025-08-01 19:47:00,1.1793277e-06,5.140531e-08,C
2025-08-01 19:48:00,1.1718922e-06,5.0240704e-08,C
2025-08-01 19:49:00,1.17701e-06,5.324089e-08,C
2025-08-01 19:50:00,1.1847036e-06,5.5302518e-08,C
2025-08-01 19:51:00,1.181941e-06,5.6439923e-08,C
2025-08-01 19:52:00,1.1812127e-06,5.4144273e-08,C
2025-08-01 19:53:00,1.1869265e-06,5.6621765e-08,C
2025-08-01 19:54:00,1.1846722e-06,5.7616575e-08,C
2025-08-01 19:55:00,1.1792249e-06,5.407141e-08,C
2025-08-01 19:56:00,1.1762539e-06,5.4281877e-08,C
2025-08-01 19:57:00,1.1800907e-06,5.2892812e-08,C
2025-08-01 19:58:00,1.1787155e-06,5.4645202e-08,C
2025-08-01 19:59:00,1.1873783e-06,5.4867986e-08,C
2025-08-01 20:00:00,1.2020263e-06,5.5708394e-08,C
2025-08-01 20:01:00,1.2307663e-06,6.167842e-08,C
2025-08-01 20:02:00,1.2568449e-06,6.3398694e-08,C
2025-08-01 20:03:00,1.2789636e-06,6.4269415e-08,C
2025-08-01 20:04:00,1.2736398e-06,6.3770955e-08,C
2025-08-01 20:05:00,1.2904654e-06,6.707099e-08,C
2025-08-01 20:06:00,1.3501696e-06,7.1554e-08,C
2025-08-01 20:07:00,1.3799669e-06,7.2800155e-08,C
2025-08-01 20:08:00,1.4110018e-06,7.534111e-08,C
2025-08-01 20:09:00,1.4030485e-06,7.3018235e-08,C
2025-08-01 20:10:00,1.3801748e-06,6.8234016e-08,C
2025-08-01 20:11:00,1.3630304e-06,6.4486066e-08,C
2025-08-01 20:12:00,1.3475019e-06,6.254803e-08,C
2025-08-01 20:13:00,1.3255752e-06,5.991338e-08,C
2025-08-01 20:14:00,1.3088718e-06,5.6491672e-08,C
2025-08-01 20:15:00,1.2944486e-06,5.6902547e-08,C
2025-08-01 20:16:00,1.2895409e-06,5.805234e-08,C
2025-08-01 20:17:00,1.2923427e-06,6.222366e-08,C
2025-08-01 20:18:00,1.2981529e-06,6.364825e-08,C
2025-08-01 20:19:00,1.3012684e-06,6.743121e-08,C
2025-08-01 20:20:00,1.2916499e-06,6.559255e-08,C
2025-08-01 20:21:00,1.2836643e-06,6.205215e-08,C
2025-08-01 20:22:00,1.2875435e-06,6.266548e-08,C
2025-08-01 20:23:00,1.3029895e-06,6.344377e-08,C
2025-08-01 20:24:00,1.3225796e-06,6.512988e-08,C
2025-08-01 20:25:00,1.3208539e-06,6.39919e-08,C
2025-08-01 20:26:00,1.3324092e-06,6.742378e-08,C
2025-08-01 20:27:00,1.3556689e-06,6.956584e-08,C
2025-08-01 20:28:00,1.3613057e-06,7.2103134e-08,C
2025-08-01 20:29:00,1.3480947e-06,6.989485e-08,C
2025-08-01 20:30:00,1.3403675e-06,6.851664e-08,C
2025-08-01 20:31:00,1.3152364e-06,6.630954e-08,C
2025-08-01 20:32:00,1.3020044e-06,6.337929e-08,C
2025-08-01 20:33:00,1.2905409e-06,6.103883e-08,C
2025-08-01 20:34:00,1.3009301e-06,6.265442e-08,C
2025-08-01 20:35:00,1.3309965e-06,6.6611534e-08,C
2025-08-01 20:36:00,1.3597056e-06,6.9766e-08,C
2025-08-01 20:37:00,1.3669314e-06,6.9010255e-08,C
2025-08-01 20:38:00,1.3601834e-06,6.905736e-08,C
2025-08-01 20:39:00,1.3429252e-06,6.644264e-08,C
2025-08-01 20:40:00,1.3254119e-06,6.537502e-08,C
2025-08-01 20:41:00,1.3096042e-06,6.5658575e-08,C
2025-08-01 20:42:00,1.288363e-06,6.435196e-08,C
2025-08-01 20:43:00,1.2888627e-06,6.1999316e-08,C
2025-08-01 20:44:00,1.2881874e-06,6.2587326e-08,C
2025-08-01 20:45:00,1.2893145e-06,6.453545e-08,C
2025-08-01 20:46:00,1.2962759e-06,6.621353e-08,C
2025-08-01 20:47:00,1.3420989e-06,7.0628936e-08,C
2025-08-01 20:48:00,1.3127143e-06,6.7384555e-08,C
2025-08-01 20:49:00,1.2803232e-06,6.33222e-08,C
2025-08-01 20:50:00,1.2500093e-06,5.9283703e-08,C
2025-08-01 20:51:00,1.2232524e-06,5.8057584e-08,C
2025-08-01 20:52:00,1.2020358e-06,5.497004e-08,C
2025-08-01 20:53:00,1.2034019e-06,5.4298628e-08,C
2025-08-01 20:54:00,1.2354142e-06,5.5874665e-08,C
2025-08-01 20:55:00,1.2855148e-06,5.9996694e-08,C
2025-08-01 20:56:00,1.308258e-06,6.119227e-08,C
2025-08-01 20:57:00,1.3207897e-06,6.2964226e-08,C
2025-08-01 20:58:00,1.3456806e-06,6.608595e-08,C
2025-08-01 20:59:00,1.3525001e-06,6.881506e-08,C
2025-08-01 21:00:00,1.3586466e-06,7.210244e-08,C
2025-08-01 21:01:00,1.3817313e-06,7.589848e-08,C
2025-08-01 21:02:00,1.4117587e-06,7.6552e-08,C
2025-08-01 21:03:00,1.4363883e-06,8.4141924e-08,C
2025-08-01 21:04:00,1.4518221e-06,8.600415e-08,C
2025-08-01 21:05:00,1.4807661e-06,9.112621e-08,C
2025-08-01 21:06:00,1.5100934e-06,9.556954e-08,C
2025-08-01 21:07:00,1.5408897e-06,9.512096e-08,C
2025-08-01 21:08:00,1.6134865e-06,1.0380882e-07,C
2025-08-01 21:09:00,1.6808596e-06,1.10552634e-07,C
2025-08-01 21:10:00,1.6770266e-06,1.0940429e-07,C
2025-08-01 21:11:00,1.6858689e-06,1.060231e-07,C
2025-08-01 21:12:00,1.7018276e-06,1.0419277e-07,C
2025-08-01 21:13:00,1.6926894e-06,1.03035326e-07,C
2025-08-01 21:14:00,1.6907425e-06,9.953479e-08,C
2025-08-01 21:15:00,1.6763408e-06,9.875017e-08,C
2025-08-01 21:16:00,1.6777104e-06,9.4589424e-08,C
2025-08-01 21:17:00,1.6788642e-06,9.159631e-08,C
2025-08-01 21:18:00,1.6844405e-06,9.11381e-08,C
2025-08-01 21:19:00,1.692878e-06,9.070192e-08,C
2025-08-01 21:20:00,1.684502e-06,9.115068e-08,C
2025-08-01 21:21:00,1.6602876e-06,9.0175526e-08,C
2025-08-01 21:22:00,1.6362017e-06,8.5333795e-08,C
2025-08-01 21:23:00,1.6256923e-06,8.554691e-08,C
2025-08-01 21:24:00,1.6105114e-06,8.6708944e-08,C
2025-08-01 21:25:00,1.6009934e-06,8.294859e-08,C
2025-08-01 21:26:00,1.6100396e-06,8.2729045e-08,C
2025-08-01 21:27:00,1.6586206e-06,9.096595e-08,C
2025-08-01 21:28:00,1.8624334e-06,1.3133429e-07,C
2025-08-01 21:29:00,2.0841128e-06,1.673156e-07,C
2025-08-01 21:30:00,2.2486824e-06,1.8739341e-07,C
2025-08-01 21:31:00,2.3487744e-06,1.8739901e-07,C
2025-08-01 21:32:00,2.3779578e-06,1.8117662e-07,C
2025-08-01 21:33:00,2.3755304e-06,1.703252e-07,C
2025-08-01 21:34:00,2.406366e-06,1.6690291e-07,C
2025-08-01 21:35:00,2.3336538e-06,1.519609e-07,C
2025-08-01 21:36:00,2.2426705e-06,1.385045e-07,C
2025-08-01 21:37:00,2.2323889e-06,1.3403164e-07,C
2025-08-01 21:38:00,2.1580977e-06,1.2729936e-07,C
2025-08-01 21:39:00,2.0899888e-06,1.1691029e-07,C
2025-08-01 21:40:00,2.029154e-06,1.1033835e-07,C
2025-08-01 21:41:00,1.9620895e-06,1.00107286e-07,C
2025-08-01 21:42:00,1.8976832e-06,9.451557e-08,C
2025-08-01 21:43:00,1.8430096e-06,8.844953e-08,C
2025-08-01 21:44:00,1.818153e-06,8.6608125e-08,C
2025-08-01 21:45:00,1.8110456e-06,8.5993534e-08,C
2025-08-01 21:46:00,1.8086726e-06,8.446021e-08,C
2025-08-01 21:47:00,1.8014512e-06,8.368665e-08,C
2025-08-01 21:48:00,1.8073572e-06,8.1304066e-08,C
2025-08-01 21:49:00,1.8047865e-06,8.2960376e-08,C
2025-08-01 21:50:00,1.7889771e-06,8.3038834e-08,C
2025-08-01 21:51:00,1.761259e-06,7.752979e-08,C
2025-08-01 21:52:00,1.7282794e-06,7.6339816e-08,C
2025-08-01 21:53:00,1.7109522e-06,7.541374e-08,C
2025-08-01 21:54:00,1.6948896e-06,7.1209826e-08,C
2025-08-01 21:55:00,1.6799348e-06,7.428208e-08,C
2025-08-01 21:56:00,1.6653848e-06,6.864715e-08,C
2025-08-01 21:57:00,1.655114e-06,6.974532e-08,C
2025-08-01 21:58:00,1.6790248e-06,7.090022e-08,C
2025-08-01 21:59:00,1.6657358e-06,7.080618e-08,C
2025-08-01 22:00:00,1.6762029e-06,7.112647e-08,C
2025-08-01 22:01:00,1.6690469e-06,7.021201e-08,C
2025-08-01 22:02:00,1.6574681e-06,6.754331e-08,C
2025-08-01 22:03:00,1.694132e-06,7.3968025e-08,C
2025-08-01 22:04:00,1.7379609e-06,7.811475e-08,C
2025-08-01 22:05:00,1.7646732e-06,8.009016e-08,C
2025-08-01 22:06:00,1.7524409e-06,7.777117e-08,C
2025-08-01 22:07:00,1.7578371e-06,8.1375816e-08,C
2025-08-01 22:08:00,1.754843e-06,8.138514e-08,C
2025-08-01 22:09:00,1.7318882e-06,7.343897e-08,C
2025-08-01 22:10:00,1.66842e-06,6.571591e-08,C
2025-08-01 22:11:00,1.6098641e-06,6.3619034e-08,C
2025-08-01 22:12:00,1.5648371e-06,5.8182124e-08,C
2025-08-01 22:13:00,1.5231035e-06,5.443512e-08,C
2025-08-01 22:14:00,1.4780854e-06,5.057756e-08,C
2025-08-01 22:15:00,1.4364877e-06,4.4584247e-08,C
2025-08-01 22:16:00,1.4209052e-06,4.5149672e-08,C
2025-08-01 22:17:00,1.3984954e-06,4.3633882e-08,C
2025-08-01 22:18:00,1.352373e-06,4.3733756e-08,C
2025-08-01 22:19:00,1.314639e-06,4.0070535e-08,C
2025-08-01 22:20:00,1.2806354e-06,3.804665e-08,C
2025-08-01 22:21:00,1.2531585e-06,3.722554e-08,C
2025-08-01 22:22:00,1.2516125e-06,3.8421074e-08,C
2025-08-01 22:23:00,1.2482849e-06,4.1959744e-08,C
2025-08-01 22:24:00,1.2553841e-06,4.079122e-08,C
2025-08-01 22:25:00,1.2432768e-06,4.235223e-08,C
2025-08-01 22:26:00,1.2117066e-06,3.7017738e-08,C
2025-08-01 22:27:00,1.1685354e-06,3.4761346e-08,C
2025-08-01 22:28:00,1.1360682e-06,3.3392194e-08,C
2025-08-01 22:29:00,1.112684e-06,3.218613e-08,C
2025-08-01 22:30:00,1.1045965e-06,3.207273e-08,C
2025-08-01 22:31:00,1.1022375e-06,3.270218e-08,C
2025-08-01 22:32:00,1.1059999e-06,3.069493e-08,C
2025-08-01 22:33:00,1.122073e-06,3.2441594e-08,C
2025-08-01 22:34:00,1.1164985e-06,3.1830506e-08,C
2025-08-01 22:35:00,1.096182e-06,3.179571e-08,C
2025-08-01 22:36:00,1.0847149e-06,3.3053446e-08,C
2025-08-01 22:37:00,1.1009225e-06,3.3373617e-08,C
2025-08-01 22:38:00,1.1058407e-06,3.1468378e-08,C
2025-08-01 22:39:00,1.1070047e-06,3.4571528e-08,C
2025-08-01 22:40:00,1.107338e-06,3.6743806e-08,C
2025-08-01 22:41:00,1.1141655e-06,3.716423e-08,C
2025-08-01 22:42:00,1.1819361e-06,4.213898e-08,C
2025-08-01 22:43:00,1.1449231e-06,3.9599033e-08,C
2025-08-01 22:44:00,1.1251183e-06,3.956e-08,C
2025-08-01 22:45:00,1.1145528e-06,3.962085e-08,C
2025-08-01 22:46:00,1.1275947e-06,4.0546116e-08,C
2025-08-01 22:47:00,1.0887637e-06,3.7505217e-08,C
2025-08-01 22:48:00,1.0383304e-06,3.3318404e-08,C
2025-08-01 22:49:00,1.0179988e-06,3.385376e-08,C
2025-08-01 22:50:00,1.010683e-06,3.4877047e-08,C
2025-08-01 22:51:00,9.959332e-07,3.248424e-08,B
2025-08-01 22:52:00,9.873937e-07,3.555232e-08,B
2025-08-01 22:53:00,9.796512e-07,3.2555803e-08,B
2025-08-01 22:54:00,9.692312e-07,3.365996e-08,B
2025-08-01 22:55:00,9.808081e-07,3.6024247e-08,B
2025-08-01 22:56:00,1.0134252e-06,4.0077275e-08,C
2025-08-01 22:57:00,1.0284938e-06,3.9388187e-08,C
2025-08-01 22:58:00,1.0206805e-06,3.7443947e-08,C
2025-08-01 22:59:00,1.0091007e-06,3.6000074e-08,C
2025-08-01 23:00:00,9.965614e-07,3.8016854e-08,B
2025-08-01 23:01:00,9.740219e-07,3.7527908e-08,B
2025-08-01 23:02:00,9.60345e-07,3.8198873e-08,B
2025-08-01 23:03:00,9.5112125e-07,3.6877942e-08,B
2025-08-01 23:04:00,9.331833e-07,3.688655e-08,B
2025-08-01 23:05:00,9.408506e-07,4.0644927e-08,B
2025-08-01 23:06:00,9.364657e-07,3.798861e-08,B
2025-08-01 23:07:00,9.340705e-07,3.862926e-08,B
2025-08-01 23:08:00,9.41583e-07,3.9311942e-08,B
2025-08-01 23:09:00,9.606449e-07,3.989823e-08,B
2025-08-01 23:10:00,9.55623e-07,4.0491116e-08,B
2025-08-01 23:11:00,9.620356e-07,3.941863e-08,B
2025-08-01 23:12:00,9.644338e-07,3.9661728e-08,B
2025-08-01 23:13:00,9.635085e-07,4.028885e-08,B
2025-08-01 23:14:00,9.645961e-07,3.922673e-08,B
2025-08-01 23:15:00,9.532629e-07,3.9701167e-08,B
2025-08-01 23:16:00,9.472164e-07,3.4693134e-08,B
2025-08-01 23:17:00,9.643286e-07,3.3441776e-08,B
2025-08-01 23:18:00,1.0556369e-06,4.177696e-08,C
2025-08-01 23:19:00,1.191927e-06,5.3594984e-08,C
2025-08-01 23:20:00,1.2221329e-06,5.8526734e-08,C
2025-08-01 23:21:00,1.1843292e-06,5.3215526e-08,C
2025-08-01 23:22:00,1.1404771e-06,4.940818e-08,C
2025-08-01 23:23:00,1.0932482e-06,4.1252495e-08,C
2025-08-01 23:24:00,1.0529034e-06,3.8208828e-08,C
2025-08-01 23:25:00,1.0312727e-06,3.7146393e-08,C
2025-08-01 23:26:00,1.0181204e-06,3.5962266e-08,C
2025-08-01 23:27:00,1.0154005e-06,3.6066943e-08,C
2025-08-01 23:28:00,1.0271475e-06,3.5456864e-08,C
2025-08-01 23:29:00,1.0131374e-06,3.626135e-08,C
2025-08-01 23:30:00,1.0020074e-06,3.549516e-08,C
2025-08-01 23:31:00,9.837432e-07,3.3646128e-08,B
2025-08-01 23:32:00,9.802005e-07,3.9081893e-08,B
2025-08-01 23:33:00,9.616614e-07,3.3375954e-08,B
2025-08-01 23:34:00,9.3722116e-07,3.440709e-08,B
2025-08-01 23:35:00,9.4072914e-07,3.5373485e-08,B
2025-08-01 23:36:00,9.1412875e-07,3.6382552e-08,B
2025-08-01 23:37:00,9.634041e-07,4.0458616e-08,B
2025-08-01 23:38:00,9.621259e-07,3.838443e-08,B
2025-08-01 23:39:00,9.32541e-07,3.5490018e-08,B
2025-08-01 23:40:00,9.2418503e-07,3.5682326e-08,B
2025-08-01 23:41:00,9.1022804e-07,3.262948e-08,B
2025-08-01 23:42:00,9.258923e-07,3.460765e-08,B
2025-08-01 23:43:00,9.332364e-07,3.6086114e-08,B
2025-08-01 23:44:00,9.2215635e-07,3.2788705e-08,B
2025-08-01 23:45:00,9.324833e-07,3.5657557e-08,B
2025-08-01 23:46:00,9.520435e-07,3.7026506e-08,B
2025-08-01 23:47:00,9.629314e-07,3.51383e-08,B
2025-08-01 23:48:00,9.85357e-07,3.5197722e-08,B
2025-08-01 23:49:00,9.938083e-07,3.977717e-08,B
2025-08-01 23:50:00,9.870473e-07,3.8646647e-08,B
2025-08-01 23:51:00,9.802742e-07,3.4682323e-08,B
2025-08-01 23:52:00,9.631851e-07,2.6444718e-08,B
2025-08-01 23:53:00,9.4573363e-07,2.7245928e-08,B
2025-08-01 23:54:00,9.410986e-07,2.8464184e-08,B
2025-08-01 23:55:00,9.458838e-07,3.0497954e-08,B
2025-08-01 23:56:00,9.4626114e-07,3.0104175e-08,B
2025-08-01 23:57:00,9.451554e-07,3.06187e-08,B
2025-08-01 23:58:00,9.513264e-07,3.236667e-08,B
2025-08-01 23:59:00,9.522191e-07,3.350399e-08,B
